Player Name,Team ID,Primary Position,Minutes Played,Age,Market Value,League,Accurate long balls,Accurate long balls per90,Accurate passes,Accurate passes per90,Acted as sweeper,Acted as sweeper per90,Aerials won,Aerials won %,Aerials won % per90,Aerials won per90,Assists,Assists per90,Blocked scoring attempt,Blocked scoring attempt per90,Chances created,Chances created per90,Clean sheets,Clean sheets per90,Cross accuracy,Cross accuracy per90,Dispossessed,Dispossessed per90,Dribbled past,Dribbled past per90,Dribbles,Dribbles per90,Dribbles success rate,Dribbles success rate per90,Duels won,Duels won %,Duels won % per90,Duels won per90,Error led to goal,Error led to goal per90,Fouls committed,Fouls committed per90,Fouls won,Fouls won per90,Goals,Goals conceded,Goals conceded per90,Goals per90,Goals prevented,Goals prevented per90,High claims,High claims per90,Interceptions,Interceptions per90,Long ball accuracy,Long ball accuracy per90,Pass accuracy,Pass accuracy per90,Penalties awarded,Penalties awarded per90,Penalties conceded,Penalties conceded per90,Penalty goals,Penalty goals conceded,Penalty goals conceded per90,Penalty goals faced,Penalty goals faced per90,Penalty goals per90,Penalty goals saves,Penalty goals saves per90,Possession won final 3rd,Possession won final 3rd per90,Recoveries,Recoveries per90,Red cards,Red cards per90,Save percentage,Save percentage per90,Saves,Saves per90,Shots,Shots on target,Shots on target per90,Shots per90,Successful crosses,Successful crosses per90,Tackles won,Tackles won %,Tackles won % per90,Tackles won per90,Touches,Touches in opposition box,Touches in opposition box per90,Touches per90,Yellow cards,Yellow cards per90,xA,xA per90,xG,xG excl. penalty,xG excl. penalty per90,xG per90,xGOT,xGOT per90
Aaron Essel,8467,Central Midfielder,527,19,€130K,Premiership,14.0,0.51,45.0,25.28,N/A,N/A,92.0,67.0,57.58,3.24,72.0,0.17,55.0,0.34,20.0,0.51,N/A,N/A,80.0,37.5,47.0,0.85,62.0,0.68,36.0,0.51,42.0,50.0,88.0,67.0,57.14,8.2,N/A,N/A,84.0,2.05,88.0,2.05,0.0,N/A,N/A,0.0,N/A,N/A,N/A,N/A,84.0,1.71,22.0,25.0,25.0,73.27,N/A,N/A,N/A,N/A,N/A,N/A,N/A,N/A,N/A,N/A,N/A,N/A,N/A,N/A,16.0,3.24,100.0,0.0,N/A,N/A,N/A,N/A,45.0,58.0,0.34,0.85,56.0,0.51,55.0,34.0,57.14,1.37,56.0,44.0,1.02,58.75,25.0,0.51,44.0,0.07,41.0,42.0,0.04,0.04,66.0,0.08
Adama Sidibeh,8467,Striker,304,26,N/A,Premiership,78.0,0.59,6.0,6.81,N/A,N/A,81.0,50.0,40.0,5.33,0.0,0.0,66.0,0.89,38.0,0.59,N/A,N/A,N/A,N/A,41.0,1.78,N/A,N/A,72.0,0.89,94.0,75.0,69.0,44.0,38.57,7.99,N/A,N/A,94.0,2.96,34.0,0.89,81.0,N/A,N/A,0.59,N/A,N/A,N/A,N/A,78.0,0.3,72.0,50.0,3.0,43.4,N/A,N/A,N/A,N/A,N/A,N/A,N/A,N/A,N/A,N/A,N/A,N/A,41.0,0.3,9.0,1.18,0.0,0.3,N/A,N/A,N/A,N/A,78.0,50.0,0.89,3.55,N/A,N/A,53.0,41.0,25.0,0.3,41.0,28.0,3.26,32.27,100.0,0.0,22.0,0.02,38.0,50.0,0.25,0.25,62.0,0.36
Aidan Denholm,8649,Central Midfielder,307,20,€200K,Premiership,5.0,0.29,16.0,17.59,N/A,N/A,38.0,22.0,37.5,0.88,84.0,0.29,47.0,0.29,72.0,1.47,N/A,N/A,89.0,50.0,20.0,1.47,89.0,0.29,64.0,0.88,62.0,60.0,62.0,73.0,60.0,6.16,N/A,N/A,19.0,0.59,95.0,2.64,0.0,N/A,N/A,0.0,N/A,N/A,N/A,N/A,41.0,0.59,8.0,12.5,23.0,73.17,N/A,N/A,N/A,N/A,N/A,N/A,N/A,N/A,N/A,N/A,N/A,N/A,88.0,0.59,56.0,4.98,100.0,0.0,N/A,N/A,N/A,N/A,69.0,77.0,0.59,1.47,62.0,0.59,47.0,55.0,66.67,1.17,22.0,62.0,1.47,45.44,100.0,0.0,67.0,0.11,56.0,58.0,0.05,0.05,58.0,0.05
Akil Wright,8649,Center Back,720,28,N/A,Premiership,5.0,1.0,11.0,20.88,N/A,N/A,45.0,57.0,65.91,3.63,0.0,0.0,59.0,0.12,45.0,0.25,N/A,N/A,89.0,66.67,30.0,0.25,43.0,0.38,64.0,0.25,59.0,66.67,59.0,86.0,67.95,6.62,N/A,N/A,27.0,0.62,30.0,0.38,91.0,N/A,N/A,0.25,N/A,N/A,N/A,N/A,75.0,1.62,30.0,33.33,57.0,78.4,N/A,N/A,N/A,N/A,N/A,N/A,N/A,N/A,N/A,N/A,N/A,N/A,N/A,N/A,34.0,2.62,100.0,0.0,N/A,N/A,N/A,N/A,61.0,75.0,0.25,0.75,84.0,0.25,86.0,36.0,60.0,1.5,9.0,41.0,1.0,44.0,57.0,0.12,43.0,0.02,70.0,70.0,0.07,0.07,84.0,0.13
Alan Forrest,9860,Left Winger,176,28,€550K,Premiership,84.0,2.05,62.0,25.06,N/A,N/A,N/A,N/A,N/A,N/A,0.0,0.0,70.0,1.02,73.0,2.05,N/A,N/A,51.0,23.08,68.0,1.02,35.0,1.02,43.0,1.02,81.0,66.67,54.0,43.0,38.46,5.11,N/A,N/A,30.0,0.51,89.0,2.05,0.0,N/A,N/A,0.0,N/A,N/A,N/A,N/A,57.0,0.51,35.0,44.44,57.0,77.78,N/A,N/A,N/A,N/A,N/A,N/A,N/A,N/A,N/A,N/A,N/A,N/A,N/A,N/A,49.0,3.58,100.0,0.0,N/A,N/A,N/A,N/A,22.0,43.0,0.51,1.53,73.0,1.53,65.0,27.0,50.0,1.02,68.0,68.0,5.62,54.2,100.0,0.0,65.0,0.21,16.0,16.0,0.09,0.09,32.0,0.06
Alex Iacovitti,9800,Center Back,228,27,€400K,Premiership,48.0,2.76,68.0,36.32,N/A,N/A,16.0,100.0,83.33,1.97,0.0,0.0,N/A,N/A,N/A,N/A,N/A,N/A,N/A,N/A,100.0,0.0,N/A,N/A,80.0,0.39,100.0,100.0,2.0,39.0,60.0,2.37,N/A,N/A,80.0,1.18,N/A,N/A,0.0,N/A,N/A,0.0,N/A,N/A,N/A,N/A,27.0,0.79,39.0,35.0,43.0,75.41,N/A,N/A,N/A,N/A,N/A,N/A,N/A,N/A,N/A,N/A,N/A,N/A,N/A,N/A,7.0,1.97,100.0,0.0,N/A,N/A,N/A,N/A,68.0,89.0,0.39,0.79,N/A,N/A,N/A,N/A,N/A,N/A,66.0,100.0,3.55,65.13,11.0,0.39,57.0,0.04,55.0,55.0,0.05,0.05,70.0,0.07
Alexandros Gogic,9800,Center Back,675,30,€400K,Premiership,75.0,3.87,59.0,35.07,N/A,N/A,23.0,16.0,51.43,2.4,0.0,0.0,N/A,N/A,48.0,0.27,N/A,N/A,N/A,N/A,27.0,0.27,66.0,0.27,91.0,0.67,57.0,62.5,27.0,27.0,56.72,5.07,N/A,N/A,32.0,0.67,39.0,0.53,0.0,N/A,N/A,0.0,N/A,N/A,N/A,N/A,39.0,0.93,70.0,46.77,70.0,82.7,N/A,N/A,N/A,N/A,N/A,N/A,N/A,N/A,N/A,N/A,N/A,N/A,N/A,N/A,64.0,3.6,100.0,0.0,N/A,N/A,N/A,N/A,45.0,N/A,N/A,0.53,N/A,N/A,36.0,9.0,50.0,0.8,55.0,45.0,1.07,59.47,55.0,0.13,75.0,0.04,43.0,43.0,0.03,0.03,N/A,N/A
Alistair Johnston,9925,Right Back,594,26,€7.5M,Premiership,74.0,3.03,90.0,65.91,N/A,N/A,58.0,71.0,52.94,1.36,87.0,0.3,61.0,0.3,94.0,2.12,N/A,N/A,87.0,30.0,68.0,0.3,39.0,0.76,45.0,0.61,94.0,80.0,45.0,84.0,60.71,5.15,N/A,N/A,48.0,0.91,77.0,1.52,94.0,N/A,N/A,0.3,N/A,N/A,N/A,N/A,23.0,0.76,77.0,50.0,87.0,85.46,N/A,N/A,N/A,N/A,N/A,N/A,N/A,N/A,N/A,N/A,N/A,N/A,45.0,0.15,26.0,3.18,0.0,0.0,N/A,N/A,N/A,N/A,55.0,68.0,0.3,0.76,77.0,0.91,48.0,58.0,66.67,1.21,90.0,94.0,3.33,100.61,61.0,0.15,100.0,0.33,90.0,90.0,0.12,0.12,84.0,0.16
Andre Raymond,8467,Left Back,651,23,€125K,Premiership,33.0,1.11,11.0,16.59,N/A,N/A,5.0,5.0,11.11,0.14,64.0,0.14,25.0,0.14,33.0,0.69,N/A,N/A,30.0,9.09,33.0,1.24,59.0,0.69,81.0,1.38,59.0,55.56,34.0,20.0,45.71,4.42,N/A,N/A,47.0,1.11,48.0,1.11,0.0,N/A,N/A,0.0,N/A,N/A,N/A,N/A,62.0,1.11,50.0,42.11,44.0,76.43,N/A,N/A,N/A,N/A,N/A,N/A,N/A,N/A,N/A,N/A,N/A,N/A,N/A,N/A,66.0,5.25,100.0,0.0,N/A,N/A,N/A,N/A,22.0,N/A,N/A,0.55,41.0,0.28,56.0,75.0,76.92,1.38,20.0,30.0,0.55,44.79,30.0,0.41,19.0,0.04,77.0,80.0,0.12,0.12,N/A,N/A
Andrew Halliday,9927,Central Midfielder,530,33,€300K,Premiership,23.0,0.85,12.0,16.64,N/A,N/A,23.0,78.0,66.67,0.68,70.0,0.17,53.0,0.34,59.0,1.19,N/A,N/A,55.0,24.24,80.0,0.34,86.0,0.34,61.0,0.85,80.0,71.43,38.0,97.0,67.5,4.58,N/A,N/A,31.0,0.85,58.0,1.36,78.0,N/A,N/A,0.17,N/A,N/A,N/A,N/A,44.0,0.68,27.0,31.25,16.0,67.12,N/A,N/A,N/A,N/A,N/A,N/A,N/A,N/A,N/A,N/A,N/A,N/A,73.0,0.51,25.0,3.57,100.0,0.0,N/A,N/A,N/A,N/A,52.0,56.0,0.34,1.02,80.0,1.36,34.0,27.0,54.55,1.02,11.0,56.0,1.36,40.42,39.0,0.34,62.0,0.11,91.0,95.0,0.24,0.24,83.0,0.21
Ante Palaversa,8485,Defensive Midfielder,113,24,€400K,Premiership,95.0,4.78,97.0,74.87,N/A,N/A,91.0,100.0,100.0,3.19,0.0,0.0,N/A,N/A,75.0,1.59,N/A,N/A,69.0,28.57,100.0,0.0,8.0,2.39,56.0,0.8,100.0,100.0,92.0,75.0,61.11,8.76,N/A,N/A,95.0,3.19,67.0,1.59,97.0,N/A,N/A,0.8,N/A,N/A,N/A,N/A,100.0,3.98,97.0,75.0,95.0,90.38,N/A,N/A,N/A,N/A,N/A,N/A,N/A,N/A,N/A,N/A,N/A,N/A,94.0,0.8,92.0,7.17,100.0,0.0,N/A,N/A,N/A,N/A,70.0,100.0,1.59,1.59,86.0,1.59,88.0,72.0,75.0,2.39,100.0,66.0,1.59,109.12,0.0,1.59,75.0,0.15,75.0,77.0,0.11,0.11,97.0,0.42
Apostolos Stamatelopoulos,9927,Striker,148,25,€400K,Premiership,81.0,0.61,66.0,13.99,N/A,N/A,69.0,47.0,38.89,4.26,0.0,0.0,N/A,N/A,N/A,N/A,N/A,N/A,N/A,N/A,0.0,4.26,N/A,N/A,N/A,N/A,N/A,N/A,81.0,66.0,41.67,9.12,N/A,N/A,34.0,1.22,100.0,3.65,84.0,N/A,N/A,0.61,N/A,N/A,N/A,N/A,N/A,N/A,56.0,33.33,38.0,65.71,N/A,N/A,N/A,N/A,N/A,N/A,N/A,N/A,N/A,N/A,N/A,N/A,62.0,0.61,25.0,1.82,100.0,0.0,N/A,N/A,N/A,N/A,41.0,88.0,1.82,1.82,N/A,N/A,81.0,44.0,33.33,0.61,100.0,38.0,3.65,42.57,100.0,0.0,3.0,0.01,62.0,75.0,0.43,0.43,91.0,0.82
Arne Engels,9925,Central Midfielder,235,21,€9.5M,Premiership,N/A,N/A,36.0,21.38,N/A,N/A,75.0,100.0,100.0,1.12,0.0,0.0,82.0,1.12,N/A,N/A,N/A,N/A,N/A,N/A,100.0,0.0,N/A,N/A,N/A,N/A,N/A,N/A,5.0,7.0,33.33,2.25,N/A,N/A,96.0,3.38,45.0,1.12,0.0,N/A,N/A,0.0,N/A,N/A,N/A,N/A,N/A,N/A,N/A,N/A,64.0,82.61,N/A,N/A,N/A,N/A,N/A,N/A,N/A,N/A,N/A,N/A,N/A,N/A,N/A,N/A,N/A,N/A,100.0,0.0,N/A,N/A,N/A,N/A,73.0,60.0,1.12,3.38,N/A,N/A,N/A,N/A,N/A,N/A,13.0,16.0,2.25,37.12,0.0,1.12,5.0,0.01,80.0,84.0,0.44,0.44,47.0,0.27
Aston Oxborough,9927,Keeper,630,26,€160K,Premiership,73.0,7.29,N/A,N/A,87.0,0.71,N/A,N/A,N/A,N/A,N/A,N/A,N/A,N/A,N/A,N/A,40.0,0.14,N/A,N/A,N/A,N/A,N/A,N/A,N/A,N/A,N/A,N/A,N/A,N/A,N/A,N/A,100.0,0.0,N/A,N/A,N/A,N/A,N/A,67.0,1.14,N/A,100.0,0.48,87.0,2.29,N/A,N/A,60.0,35.92,40.0,49.16,N/A,N/A,N/A,N/A,N/A,100.0,0.0,27.0,0.14,N/A,100.0,0.14,N/A,N/A,N/A,N/A,0.0,0.0,73.0,77.78,100.0,4.0,N/A,N/A,N/A,N/A,N/A,N/A,N/A,N/A,N/A,N/A,N/A,N/A,N/A,N/A,100.0,0.0,N/A,N/A,N/A,N/A,N/A,N/A,N/A,N/A
Barrie McKay,9860,Left Winger,207,29,€860K,Premiership,100.0,3.91,84.0,30.87,N/A,N/A,35.0,100.0,100.0,0.43,0.0,0.0,27.0,0.43,100.0,3.48,N/A,N/A,78.0,43.75,5.0,2.61,86.0,0.43,89.0,2.61,46.0,50.0,84.0,81.0,51.72,6.52,N/A,N/A,24.0,0.43,N/A,N/A,0.0,N/A,N/A,0.0,N/A,N/A,N/A,N/A,49.0,0.43,84.0,75.0,65.0,78.89,N/A,N/A,N/A,N/A,N/A,N/A,N/A,N/A,N/A,N/A,N/A,N/A,N/A,N/A,43.0,3.48,100.0,0.0,N/A,N/A,N/A,N/A,43.0,N/A,N/A,2.17,100.0,3.04,100.0,92.0,87.5,3.04,92.0,51.0,4.78,67.83,100.0,0.0,86.0,0.38,24.0,24.0,0.11,0.11,N/A,N/A
Beni Baningime,9860,Central Midfielder,270,26,€850K,Premiership,30.0,1.0,58.0,27.67,N/A,N/A,22.0,8.0,22.22,0.67,0.0,0.0,78.0,0.67,N/A,N/A,N/A,N/A,N/A,N/A,100.0,0.0,64.0,0.67,70.0,1.0,23.0,37.5,94.0,80.0,61.36,9.0,N/A,N/A,39.0,1.0,97.0,2.67,0.0,N/A,N/A,0.0,N/A,N/A,N/A,N/A,17.0,0.33,67.0,50.0,67.0,80.58,N/A,N/A,N/A,N/A,N/A,N/A,N/A,N/A,N/A,N/A,N/A,N/A,50.0,0.33,95.0,7.33,100.0,0.0,N/A,N/A,N/A,N/A,31.0,N/A,N/A,0.67,N/A,N/A,97.0,84.0,85.71,4.0,39.0,41.0,1.0,51.0,41.0,0.33,8.0,0.02,48.0,50.0,0.04,0.04,N/A,N/A
Benjamin Mbunga Kimpioka,8467,Striker,535,24,€350K,Premiership,N/A,N/A,47.0,11.78,N/A,N/A,3.0,3.0,5.26,0.17,0.0,0.0,44.0,0.5,66.0,1.01,N/A,N/A,N/A,N/A,34.0,2.02,N/A,N/A,100.0,1.85,62.0,45.83,47.0,34.0,35.56,5.38,N/A,N/A,88.0,2.69,91.0,2.69,59.0,N/A,N/A,0.34,N/A,N/A,N/A,N/A,84.0,0.34,N/A,N/A,91.0,80.46,88.0,0.17,N/A,N/A,91.0,N/A,N/A,N/A,N/A,0.17,N/A,N/A,81.0,0.84,72.0,2.86,3.0,0.17,N/A,N/A,N/A,N/A,44.0,38.0,0.67,1.85,N/A,N/A,72.0,69.0,75.0,0.5,47.0,81.0,6.06,32.47,31.0,0.17,31.0,0.03,47.0,41.0,0.19,0.32,44.0,0.2
Billy Koumetio,8284,Center Back,427,21,€450K,Premiership,7.0,1.26,25.0,24.03,N/A,N/A,91.0,43.0,60.71,7.17,0.0,0.0,N/A,N/A,93.0,1.05,N/A,N/A,N/A,N/A,5.0,0.84,41.0,0.42,84.0,0.63,73.0,75.0,91.0,23.0,56.41,9.27,N/A,N/A,70.0,1.05,18.0,0.21,0.0,N/A,N/A,0.0,N/A,N/A,N/A,N/A,93.0,2.32,7.0,23.08,14.0,68.67,N/A,N/A,N/A,N/A,N/A,N/A,N/A,N/A,N/A,N/A,N/A,N/A,N/A,N/A,86.0,4.22,100.0,0.0,N/A,N/A,N/A,N/A,86.0,73.0,0.21,1.05,N/A,N/A,41.0,48.0,66.67,0.84,36.0,84.0,2.32,54.8,32.0,0.21,100.0,0.18,64.0,64.0,0.05,0.05,82.0,0.12
Blair Spittal,9860,Attacking Midfielder,374,28,€800K,Premiership,92.0,2.65,100.0,45.96,N/A,N/A,84.0,86.0,60.0,2.17,68.0,0.24,54.0,0.72,84.0,2.65,N/A,N/A,57.0,24.14,92.0,0.24,27.0,1.2,8.0,0.24,46.0,50.0,27.0,62.0,46.88,3.61,N/A,N/A,49.0,0.96,22.0,0.24,54.0,N/A,N/A,0.24,N/A,N/A,N/A,N/A,76.0,0.72,32.0,42.31,68.0,78.93,N/A,N/A,N/A,N/A,N/A,N/A,N/A,N/A,N/A,N/A,N/A,N/A,84.0,0.96,81.0,5.05,100.0,0.0,N/A,N/A,N/A,N/A,16.0,41.0,0.48,1.44,81.0,1.68,19.0,16.0,25.0,0.24,100.0,8.0,1.2,73.4,100.0,0.0,62.0,0.21,11.0,11.0,0.07,0.07,38.0,0.07
Brad Lyons,8597,Central Midfielder,414,27,€220K,Premiership,64.0,2.17,47.0,25.65,N/A,N/A,95.0,69.0,58.06,3.91,0.0,0.0,95.0,1.09,30.0,0.65,N/A,N/A,N/A,N/A,100.0,0.0,66.0,0.65,16.0,0.22,100.0,100.0,72.0,94.0,64.0,6.96,N/A,N/A,9.0,0.43,25.0,0.65,0.0,N/A,N/A,0.0,N/A,N/A,N/A,N/A,86.0,1.74,39.0,37.04,20.0,70.66,N/A,N/A,N/A,N/A,N/A,N/A,N/A,N/A,N/A,N/A,N/A,N/A,31.0,0.22,36.0,4.13,3.0,0.22,N/A,N/A,N/A,N/A,94.0,42.0,0.22,2.39,N/A,N/A,67.0,78.0,80.0,1.74,50.0,83.0,2.61,56.74,56.0,0.22,34.0,0.06,83.0,86.0,0.15,0.15,62.0,0.06
Callum McGregor,9925,Central Midfielder,615,31,€9M,Premiership,66.0,2.2,100.0,84.15,N/A,N/A,9.0,22.0,37.5,0.44,67.0,0.15,73.0,0.59,41.0,0.88,N/A,N/A,N/A,N/A,34.0,1.17,50.0,0.88,78.0,1.17,88.0,80.0,8.0,34.0,48.94,3.37,N/A,N/A,11.0,0.44,33.0,0.73,95.0,N/A,N/A,0.59,N/A,N/A,N/A,N/A,20.0,0.44,100.0,78.95,100.0,92.59,N/A,N/A,N/A,N/A,N/A,N/A,N/A,N/A,N/A,N/A,N/A,N/A,42.0,0.29,97.0,8.34,100.0,0.0,N/A,N/A,N/A,N/A,73.0,75.0,0.59,1.61,N/A,N/A,28.0,84.0,85.71,0.88,97.0,42.0,1.02,103.61,100.0,0.0,81.0,0.17,59.0,61.0,0.07,0.07,72.0,0.11
Cameron Carter-Vickers,9925,Center Back,450,26,€16M,Premiership,66.0,3.2,93.0,96.4,N/A,N/A,41.0,75.0,70.83,3.4,0.0,0.0,N/A,N/A,N/A,N/A,N/A,N/A,N/A,N/A,34.0,0.2,70.0,0.2,N/A,N/A,N/A,N/A,41.0,91.0,70.73,5.8,N/A,N/A,25.0,0.6,75.0,1.0,0.0,N/A,N/A,0.0,N/A,N/A,N/A,N/A,95.0,2.6,80.0,51.61,95.0,93.23,N/A,N/A,N/A,N/A,N/A,N/A,N/A,N/A,N/A,N/A,N/A,N/A,N/A,N/A,64.0,3.6,100.0,0.0,N/A,N/A,N/A,N/A,0.0,N/A,N/A,0.0,N/A,N/A,16.0,7.0,42.86,0.6,91.0,9.0,0.2,115.8,100.0,0.0,34.0,0.02,N/A,N/A,N/A,N/A,N/A,N/A
Cameron Devlin,9860,Central Midfielder,292,26,€650K,Premiership,39.0,1.23,72.0,36.06,N/A,N/A,17.0,11.0,25.0,0.62,0.0,0.0,N/A,N/A,44.0,0.92,N/A,N/A,56.0,25.0,81.0,0.31,16.0,1.85,45.0,0.62,27.0,40.0,78.0,56.0,53.33,7.4,N/A,N/A,66.0,1.54,62.0,1.54,0.0,N/A,N/A,0.0,N/A,N/A,N/A,N/A,56.0,0.92,30.0,33.33,38.0,75.97,N/A,N/A,N/A,N/A,N/A,N/A,N/A,N/A,N/A,N/A,N/A,N/A,44.0,0.31,86.0,6.16,100.0,0.0,N/A,N/A,N/A,N/A,47.0,89.0,0.92,0.92,42.0,0.31,95.0,55.0,66.67,3.08,77.0,75.0,2.16,66.88,11.0,0.62,50.0,0.09,88.0,92.0,0.2,0.2,64.0,0.06
Cameron MacPherson,8467,Central Midfielder,322,25,€450K,Premiership,100.0,5.59,77.0,39.97,N/A,N/A,64.0,86.0,71.43,1.4,0.0,0.0,97.0,1.12,81.0,1.68,N/A,N/A,73.0,33.33,66.0,0.56,38.0,1.12,17.0,0.28,42.0,50.0,5.0,14.0,42.86,3.35,N/A,N/A,78.0,1.96,9.0,0.28,0.0,N/A,N/A,0.0,N/A,N/A,N/A,N/A,52.0,0.84,91.0,66.67,72.0,81.25,N/A,N/A,N/A,N/A,N/A,N/A,N/A,N/A,N/A,N/A,N/A,N/A,39.0,0.28,73.0,5.59,100.0,0.0,N/A,N/A,N/A,N/A,58.0,N/A,N/A,1.12,92.0,1.96,25.0,42.0,60.0,0.84,73.0,31.0,0.56,65.12,6.0,0.84,83.0,0.18,38.0,39.0,0.03,0.03,N/A,N/A
Caolan Boyd-Munce,9800,Central Midfielder,571,24,€240K,Premiership,67.0,2.21,62.0,29.95,N/A,N/A,58.0,78.0,66.67,1.26,69.0,0.16,28.0,0.16,45.0,0.95,N/A,N/A,78.0,35.29,72.0,0.47,67.0,0.63,12.0,0.16,100.0,100.0,17.0,86.0,62.5,3.94,N/A,N/A,22.0,0.63,44.0,0.95,0.0,N/A,N/A,0.0,N/A,N/A,N/A,N/A,23.0,0.47,53.0,42.42,62.0,80.17,N/A,N/A,N/A,N/A,N/A,N/A,N/A,N/A,N/A,N/A,N/A,N/A,48.0,0.32,77.0,5.67,100.0,0.0,N/A,N/A,N/A,N/A,28.0,55.0,0.32,0.63,69.0,0.95,39.0,52.0,63.64,1.1,38.0,9.0,0.16,50.12,59.0,0.16,48.0,0.08,28.0,28.0,0.02,0.02,42.0,0.01
Chris Cadden,10251,Right Back,351,28,€660K,Premiership,3.0,0.26,16.0,17.69,N/A,N/A,39.0,81.0,57.14,1.03,77.0,0.26,52.0,0.26,55.0,0.77,N/A,N/A,19.0,7.14,23.0,1.03,19.0,1.03,N/A,N/A,N/A,N/A,16.0,13.0,36.36,3.08,N/A,N/A,61.0,1.03,N/A,N/A,0.0,N/A,N/A,0.0,N/A,N/A,N/A,N/A,26.0,0.77,3.0,9.09,16.0,64.49,N/A,N/A,N/A,N/A,N/A,N/A,N/A,N/A,N/A,N/A,N/A,N/A,N/A,N/A,48.0,4.1,0.0,0.0,N/A,N/A,N/A,N/A,74.0,65.0,0.26,1.03,23.0,0.26,55.0,45.0,62.5,1.28,13.0,55.0,2.05,49.23,100.0,0.0,52.0,0.08,94.0,94.0,0.17,0.17,94.0,0.22
Connor Barron,8548,Defensive Midfielder,578,22,€900K,Premiership,84.0,3.11,95.0,58.39,N/A,N/A,19.0,12.0,28.57,0.62,0.0,0.0,N/A,N/A,27.0,0.62,N/A,N/A,73.0,33.33,62.0,0.62,20.0,1.56,20.0,0.31,42.0,50.0,12.0,17.0,44.44,3.74,N/A,N/A,20.0,0.62,23.0,0.62,0.0,N/A,N/A,0.0,N/A,N/A,N/A,N/A,59.0,0.93,95.0,74.07,97.0,91.02,N/A,N/A,N/A,N/A,N/A,N/A,N/A,N/A,N/A,N/A,N/A,N/A,45.0,0.31,31.0,4.05,100.0,0.0,N/A,N/A,N/A,N/A,8.0,39.0,0.16,0.16,33.0,0.16,62.0,64.0,71.43,1.56,88.0,23.0,0.47,75.83,100.0,0.0,36.0,0.06,9.0,9.0,0.01,0.01,45.0,0.02
Connor Randall,8649,Central Midfielder,699,28,€460K,Premiership,56.0,1.93,17.0,18.15,N/A,N/A,52.0,50.0,50.0,1.16,0.0,0.0,23.0,0.13,22.0,0.52,N/A,N/A,56.0,25.0,61.0,0.64,56.0,0.77,47.0,0.64,39.0,45.45,64.0,72.0,59.26,6.18,N/A,N/A,41.0,1.03,52.0,1.16,0.0,N/A,N/A,0.0,N/A,N/A,N/A,N/A,70.0,1.42,23.0,29.41,8.0,63.23,N/A,N/A,N/A,N/A,N/A,N/A,N/A,N/A,N/A,N/A,N/A,N/A,75.0,0.52,80.0,5.79,100.0,0.0,N/A,N/A,N/A,N/A,42.0,47.0,0.26,0.77,30.0,0.13,77.0,44.0,61.54,2.06,27.0,53.0,1.16,47.51,23.0,0.52,6.0,0.02,30.0,30.0,0.02,0.02,53.0,0.03
Corrie Ndaba,8597,Left Back,357,24,€300K,Premiership,29.0,1.51,61.0,33.03,N/A,N/A,87.0,68.0,51.85,3.53,0.0,0.0,N/A,N/A,23.0,0.25,N/A,N/A,N/A,N/A,74.0,0.25,N/A,N/A,77.0,1.01,81.0,66.67,74.0,74.0,59.09,6.55,N/A,N/A,19.0,0.5,26.0,0.5,0.0,N/A,N/A,0.0,N/A,N/A,N/A,N/A,84.0,1.76,35.0,31.58,74.0,80.37,N/A,N/A,N/A,N/A,N/A,N/A,N/A,N/A,N/A,N/A,N/A,N/A,58.0,0.25,74.0,5.04,0.0,0.0,N/A,N/A,N/A,N/A,52.0,100.0,0.76,0.76,N/A,N/A,52.0,87.0,83.33,1.26,45.0,N/A,N/A,63.78,13.0,0.5,6.0,0.02,35.0,35.0,0.02,0.02,81.0,0.11
Craig Gordon,9860,Keeper,540,41,€250K,Premiership,13.0,4.5,N/A,N/A,47.0,0.33,N/A,N/A,N/A,N/A,N/A,N/A,N/A,N/A,N/A,N/A,0.0,0.0,N/A,N/A,N/A,N/A,N/A,N/A,N/A,N/A,N/A,N/A,N/A,N/A,N/A,N/A,100.0,0.0,N/A,N/A,N/A,N/A,N/A,13.0,2.0,N/A,7.0,-0.71,20.0,0.83,N/A,N/A,33.0,31.76,67.0,60.81,N/A,N/A,N/A,N/A,N/A,20.0,0.17,60.0,0.17,N/A,0.0,0.0,N/A,N/A,N/A,N/A,0.0,0.0,0.0,45.45,0.0,1.67,N/A,N/A,N/A,N/A,N/A,N/A,N/A,N/A,N/A,N/A,N/A,N/A,N/A,N/A,0.0,0.17,N/A,N/A,N/A,N/A,N/A,N/A,N/A,N/A
Craig Sibbald,9938,Defensive Midfielder,630,29,€390K,Premiership,53.0,1.86,23.0,20.0,N/A,N/A,8.0,8.0,22.22,0.29,0.0,0.0,45.0,0.29,25.0,0.57,N/A,N/A,56.0,25.0,38.0,1.14,28.0,1.29,N/A,N/A,N/A,N/A,22.0,41.0,49.12,4.0,N/A,N/A,8.0,0.43,22.0,0.57,77.0,N/A,N/A,0.14,N/A,N/A,N/A,N/A,47.0,0.71,47.0,40.62,30.0,74.07,N/A,N/A,N/A,N/A,N/A,N/A,N/A,N/A,N/A,N/A,N/A,N/A,59.0,0.43,67.0,5.29,100.0,0.0,N/A,N/A,N/A,N/A,23.0,52.0,0.29,0.57,31.0,0.14,70.0,41.0,59.09,1.86,9.0,38.0,0.86,40.0,61.0,0.14,11.0,0.02,55.0,56.0,0.05,0.05,61.0,0.05
Curtis Main,8284,Striker,204,32,€350K,Premiership,N/A,N/A,44.0,11.47,N/A,N/A,78.0,91.0,63.16,5.29,0.0,0.0,N/A,N/A,25.0,0.44,N/A,N/A,84.0,50.0,22.0,2.21,N/A,N/A,69.0,0.88,100.0,100.0,72.0,100.0,57.58,8.38,N/A,N/A,19.0,0.88,69.0,1.76,62.0,N/A,N/A,0.44,N/A,N/A,N/A,N/A,N/A,N/A,N/A,N/A,16.0,59.09,N/A,N/A,N/A,N/A,N/A,N/A,N/A,N/A,N/A,N/A,N/A,N/A,N/A,N/A,44.0,2.21,100.0,0.0,N/A,N/A,N/A,N/A,91.0,84.0,1.76,3.97,88.0,0.44,66.0,100.0,100.0,0.44,66.0,84.0,6.18,36.62,100.0,0.0,72.0,0.07,81.0,84.0,0.59,0.59,66.0,0.4
Cyriel Dessers,8548,Striker,495,29,€4.5M,Premiership,N/A,N/A,19.0,8.55,N/A,N/A,34.0,69.0,45.45,1.82,78.0,0.18,34.0,0.36,56.0,0.91,N/A,N/A,N/A,N/A,91.0,0.36,34.0,0.55,56.0,0.73,53.0,40.0,31.0,72.0,43.14,4.0,N/A,N/A,47.0,1.27,62.0,1.64,75.0,N/A,N/A,0.55,N/A,N/A,N/A,N/A,59.0,0.18,N/A,N/A,69.0,71.21,N/A,N/A,N/A,N/A,N/A,N/A,N/A,N/A,N/A,N/A,N/A,N/A,84.0,0.91,34.0,2.0,100.0,0.0,N/A,N/A,N/A,N/A,53.0,75.0,1.45,2.55,N/A,N/A,N/A,N/A,N/A,N/A,6.0,88.0,7.27,24.18,28.0,0.18,25.0,0.02,91.0,91.0,0.75,0.75,88.0,0.77
Daizen Maeda,9925,Left Winger,446,26,€7.2M,Premiership,19.0,0.4,57.0,22.2,N/A,N/A,51.0,73.0,50.0,0.61,78.0,0.4,22.0,0.4,65.0,1.82,N/A,N/A,51.0,23.08,78.0,0.61,5.0,1.82,11.0,0.4,14.0,25.0,22.0,41.0,37.78,3.43,N/A,N/A,70.0,1.61,38.0,0.61,68.0,N/A,N/A,0.4,N/A,N/A,N/A,N/A,68.0,0.61,100.0,100.0,84.0,85.27,N/A,N/A,N/A,N/A,N/A,N/A,N/A,N/A,N/A,N/A,N/A,N/A,46.0,0.4,8.0,2.42,100.0,0.0,N/A,N/A,N/A,N/A,54.0,59.0,0.81,2.42,57.0,0.61,68.0,57.0,66.67,1.21,41.0,89.0,7.47,43.99,30.0,0.2,54.0,0.16,68.0,70.0,0.28,0.28,65.0,0.32
Dan Casey,9927,Center Back,497,26,€270K,Premiership,32.0,2.35,32.0,26.44,N/A,N/A,20.0,36.0,59.09,2.35,95.0,0.18,89.0,0.36,39.0,0.18,N/A,N/A,N/A,N/A,9.0,0.54,73.0,0.18,57.0,0.18,41.0,50.0,55.0,82.0,67.92,6.52,N/A,N/A,45.0,0.72,61.0,0.72,86.0,N/A,N/A,0.18,N/A,N/A,N/A,N/A,77.0,1.63,30.0,33.33,30.0,73.37,100.0,0.18,2.0,0.18,N/A,N/A,N/A,N/A,N/A,N/A,N/A,N/A,N/A,N/A,93.0,4.89,2.0,0.18,N/A,N/A,N/A,N/A,100.0,95.0,0.72,1.63,N/A,N/A,91.0,9.0,50.0,1.63,41.0,91.0,2.54,56.32,100.0,0.0,7.0,0.0,93.0,95.0,0.22,0.22,100.0,0.32
Daniel Oyegoke,9860,Center Back,186,21,€350K,Premiership,45.0,1.94,81.0,44.03,N/A,N/A,26.0,29.0,33.33,0.97,0.0,0.0,81.0,0.48,32.0,0.48,N/A,N/A,68.0,25.0,3.0,1.45,6.0,1.94,42.0,0.48,58.0,50.0,77.0,29.0,46.67,6.77,N/A,N/A,94.0,1.94,48.0,0.97,0.0,N/A,N/A,0.0,N/A,N/A,N/A,N/A,94.0,1.94,26.0,28.57,61.0,77.78,N/A,N/A,N/A,N/A,N/A,N/A,N/A,N/A,N/A,N/A,N/A,N/A,N/A,N/A,100.0,6.77,0.0,0.0,N/A,N/A,N/A,N/A,26.0,N/A,N/A,0.48,39.0,0.48,100.0,84.0,77.78,3.39,84.0,23.0,0.97,87.1,19.0,0.48,16.0,0.03,32.0,32.0,0.02,0.02,N/A,N/A
Danny Armstrong,8597,Right Midfielder,492,27,€440K,Premiership,78.0,2.74,9.0,16.1,N/A,N/A,47.0,28.0,40.0,1.1,88.0,0.37,84.0,0.73,86.0,1.83,N/A,N/A,50.0,19.23,22.0,1.46,30.0,1.28,77.0,1.1,22.0,35.29,50.0,8.0,41.18,5.12,N/A,N/A,55.0,1.28,80.0,1.83,0.0,N/A,N/A,0.0,N/A,N/A,N/A,N/A,33.0,0.55,94.0,68.18,5.0,62.86,N/A,N/A,N/A,N/A,N/A,N/A,N/A,N/A,N/A,N/A,N/A,N/A,81.0,0.55,20.0,3.48,100.0,0.0,N/A,N/A,N/A,N/A,84.0,N/A,N/A,2.01,89.0,1.83,38.0,100.0,100.0,1.1,52.0,77.0,2.2,57.44,16.0,0.55,77.0,0.15,62.0,64.0,0.07,0.07,N/A,N/A
David Babunski,9938,Attacking Midfielder,466,30,€350K,Premiership,86.0,2.12,51.0,21.24,N/A,N/A,24.0,43.0,25.0,0.39,0.0,0.0,46.0,0.58,16.0,0.77,N/A,N/A,86.0,47.62,16.0,1.93,65.0,0.58,84.0,2.12,89.0,84.62,43.0,65.0,48.0,4.64,N/A,N/A,51.0,0.97,27.0,0.39,49.0,N/A,N/A,0.19,N/A,N/A,N/A,N/A,43.0,0.39,54.0,52.38,54.0,75.86,N/A,N/A,N/A,N/A,N/A,N/A,N/A,N/A,N/A,N/A,N/A,N/A,43.0,0.39,78.0,4.83,100.0,0.0,N/A,N/A,N/A,N/A,35.0,27.0,0.39,1.93,92.0,1.93,35.0,19.0,33.33,0.58,46.0,24.0,2.32,47.9,100.0,0.0,49.0,0.12,46.0,46.0,0.17,0.17,46.0,0.12
David Watson,8597,Central Midfielder,482,19,€70K,Premiership,41.0,1.31,2.0,11.76,N/A,N/A,70.0,38.0,42.86,1.68,0.0,0.0,31.0,0.19,9.0,0.19,N/A,N/A,N/A,N/A,86.0,0.19,45.0,0.93,14.0,0.19,16.0,33.33,31.0,31.0,47.92,4.29,N/A,N/A,38.0,0.93,34.0,0.75,89.0,N/A,N/A,0.37,N/A,N/A,N/A,N/A,34.0,0.56,36.0,35.0,0.0,55.26,N/A,N/A,N/A,N/A,N/A,N/A,N/A,N/A,N/A,N/A,N/A,N/A,N/A,N/A,33.0,4.11,100.0,0.0,N/A,N/A,N/A,N/A,66.0,73.0,0.56,1.31,N/A,N/A,59.0,89.0,88.89,1.49,0.0,78.0,2.24,33.24,100.0,0.0,2.0,0.01,81.0,84.0,0.15,0.15,92.0,0.27
Davor Zdravkovski,9927,Central Midfielder,516,26,€500K,Premiership,31.0,1.05,36.0,22.33,N/A,N/A,55.0,39.0,43.75,1.22,0.0,0.0,N/A,N/A,14.0,0.35,N/A,N/A,N/A,N/A,78.0,0.35,23.0,1.4,N/A,N/A,N/A,N/A,27.0,36.0,48.98,4.19,N/A,N/A,44.0,1.05,84.0,1.92,0.0,N/A,N/A,0.0,N/A,N/A,N/A,N/A,9.0,0.17,62.0,46.15,50.0,78.05,N/A,N/A,N/A,N/A,N/A,N/A,N/A,N/A,N/A,N/A,N/A,N/A,27.0,0.17,78.0,5.76,100.0,0.0,N/A,N/A,N/A,N/A,9.0,N/A,N/A,0.17,N/A,N/A,11.0,12.0,37.5,0.52,8.0,N/A,N/A,39.94,36.0,0.35,5.0,0.02,6.0,6.0,0.0,0.0,N/A,N/A
Declan Gallagher,9938,Center Back,615,33,€430K,Premiership,86.0,4.83,23.0,24.0,N/A,N/A,50.0,23.0,53.19,3.66,0.0,0.0,N/A,N/A,59.0,0.29,N/A,N/A,N/A,N/A,48.0,0.15,7.0,1.02,N/A,N/A,N/A,N/A,34.0,11.0,50.0,5.41,N/A,N/A,55.0,0.88,32.0,0.44,0.0,N/A,N/A,0.0,N/A,N/A,N/A,N/A,20.0,0.73,91.0,61.11,48.0,75.58,N/A,N/A,N/A,N/A,N/A,N/A,N/A,N/A,N/A,N/A,N/A,N/A,N/A,N/A,11.0,2.2,100.0,0.0,N/A,N/A,N/A,N/A,0.0,N/A,N/A,0.0,N/A,N/A,59.0,77.0,77.78,1.02,7.0,50.0,1.17,42.88,23.0,0.29,23.0,0.01,N/A,N/A,N/A,N/A,N/A,N/A
Dennis Adeniran,9800,Central Midfielder,193,25,€250K,Premiership,12.0,0.47,20.0,19.12,N/A,N/A,N/A,N/A,N/A,N/A,0.0,0.0,64.0,0.47,N/A,N/A,N/A,N/A,52.0,20.0,100.0,0.0,N/A,N/A,33.0,0.47,42.0,50.0,28.0,53.0,52.94,4.2,N/A,N/A,75.0,1.87,94.0,2.33,0.0,N/A,N/A,0.0,N/A,N/A,N/A,N/A,58.0,0.93,30.0,33.33,75.0,82.0,N/A,N/A,N/A,N/A,N/A,N/A,N/A,N/A,N/A,N/A,N/A,N/A,64.0,0.47,75.0,5.6,100.0,0.0,N/A,N/A,N/A,N/A,48.0,N/A,N/A,0.93,52.0,0.47,8.0,8.0,33.33,0.47,5.0,22.0,0.47,37.77,3.0,0.93,41.0,0.06,23.0,23.0,0.02,0.02,N/A,N/A
Dimitar Mitov,8485,Keeper,630,27,€550K,Premiership,20.0,4.86,N/A,N/A,73.0,0.57,N/A,N/A,N/A,N/A,N/A,N/A,N/A,N/A,N/A,N/A,60.0,0.29,N/A,N/A,N/A,N/A,N/A,N/A,N/A,N/A,N/A,N/A,N/A,N/A,N/A,N/A,7.0,0.14,N/A,N/A,N/A,N/A,N/A,80.0,0.86,N/A,87.0,0.4,73.0,1.71,N/A,N/A,40.0,33.01,73.0,65.2,N/A,N/A,N/A,N/A,N/A,27.0,0.14,67.0,0.29,N/A,100.0,0.14,N/A,N/A,N/A,N/A,0.0,0.0,73.0,77.78,67.0,3.0,N/A,N/A,N/A,N/A,N/A,N/A,N/A,N/A,N/A,N/A,N/A,N/A,N/A,N/A,7.0,0.14,N/A,N/A,N/A,N/A,N/A,N/A,N/A,N/A
Drey Wright,8467,Right Midfielder,664,29,€430K,Premiership,55.0,1.9,38.0,22.36,N/A,N/A,33.0,45.0,46.15,0.81,0.0,0.0,44.0,0.27,61.0,1.22,N/A,N/A,41.0,14.29,59.0,0.68,81.0,0.41,27.0,0.41,16.0,33.33,16.0,62.0,54.9,3.8,N/A,N/A,2.0,0.27,56.0,1.36,75.0,N/A,N/A,0.14,N/A,N/A,N/A,N/A,61.0,0.95,73.0,53.85,39.0,76.04,N/A,N/A,N/A,N/A,N/A,N/A,N/A,N/A,N/A,N/A,N/A,N/A,22.0,0.14,8.0,2.85,100.0,0.0,N/A,N/A,N/A,N/A,34.0,50.0,0.27,0.68,48.0,0.41,17.0,30.0,55.56,0.68,36.0,50.0,1.08,49.74,100.0,0.0,47.0,0.08,39.0,41.0,0.03,0.03,59.0,0.05
Dujon Sterling,8548,Right Winger,249,24,€2.3M,Premiership,22.0,0.72,78.0,40.48,N/A,N/A,75.0,14.0,33.33,1.81,0.0,0.0,N/A,N/A,N/A,N/A,N/A,N/A,N/A,N/A,75.0,0.36,N/A,N/A,23.0,0.36,16.0,33.33,48.0,27.0,46.67,5.06,N/A,N/A,59.0,1.45,31.0,0.72,0.0,N/A,N/A,0.0,N/A,N/A,N/A,N/A,75.0,1.45,67.0,50.0,92.0,87.5,N/A,N/A,N/A,N/A,N/A,N/A,N/A,N/A,N/A,N/A,N/A,N/A,53.0,0.36,2.0,1.45,100.0,0.0,N/A,N/A,N/A,N/A,39.0,62.0,0.36,0.72,N/A,N/A,58.0,55.0,66.67,1.45,62.0,61.0,1.45,60.72,9.0,0.72,9.0,0.02,80.0,83.0,0.14,0.14,67.0,0.08
Elijah Campbell,8649,Center Back,370,20,€20K,Premiership,2.0,0.73,0.0,10.95,N/A,N/A,11.0,25.0,54.55,1.46,0.0,0.0,N/A,N/A,82.0,0.49,N/A,N/A,75.0,33.33,14.0,0.49,18.0,0.73,93.0,0.73,41.0,50.0,18.0,20.0,54.29,4.62,N/A,N/A,50.0,0.73,34.0,0.49,0.0,N/A,N/A,0.0,N/A,N/A,N/A,N/A,84.0,1.95,5.0,21.43,2.0,61.64,N/A,N/A,N/A,N/A,N/A,N/A,N/A,N/A,N/A,N/A,N/A,N/A,93.0,0.24,9.0,2.19,100.0,0.0,N/A,N/A,N/A,N/A,0.0,N/A,N/A,0.0,82.0,0.24,82.0,70.0,75.0,1.46,5.0,11.0,0.24,42.32,7.0,0.49,82.0,0.05,N/A,N/A,N/A,N/A,N/A,N/A
Ellery Balcombe,9800,Keeper,720,24,€350K,Premiership,87.0,8.38,N/A,N/A,27.0,0.25,N/A,N/A,N/A,N/A,N/A,N/A,N/A,N/A,N/A,N/A,33.0,0.12,N/A,N/A,N/A,N/A,N/A,N/A,N/A,N/A,N/A,N/A,N/A,N/A,N/A,N/A,20.0,0.12,N/A,N/A,N/A,N/A,N/A,33.0,1.75,N/A,27.0,-0.29,13.0,0.75,N/A,N/A,67.0,38.29,47.0,53.04,N/A,N/A,N/A,N/A,N/A,60.0,0.12,20.0,0.12,N/A,0.0,0.0,N/A,N/A,N/A,N/A,0.0,0.0,20.0,56.25,20.0,2.25,N/A,N/A,N/A,N/A,N/A,N/A,N/A,N/A,N/A,N/A,N/A,N/A,N/A,N/A,100.0,0.0,N/A,N/A,N/A,N/A,N/A,N/A,N/A,N/A
Elvis Bwomono,9800,Right Midfielder,130,25,€100K,Premiership,44.0,1.38,30.0,21.46,N/A,N/A,62.0,100.0,100.0,1.38,100.0,0.69,81.0,0.69,34.0,0.69,N/A,N/A,N/A,N/A,100.0,0.0,25.0,1.38,N/A,N/A,N/A,N/A,44.0,92.0,63.64,4.85,N/A,N/A,25.0,0.69,28.0,0.69,0.0,N/A,N/A,0.0,N/A,N/A,N/A,N/A,N/A,N/A,16.0,18.18,17.0,67.39,N/A,N/A,N/A,N/A,N/A,N/A,N/A,N/A,N/A,N/A,N/A,N/A,N/A,N/A,3.0,2.08,100.0,0.0,N/A,N/A,N/A,N/A,36.0,N/A,N/A,0.69,N/A,N/A,92.0,100.0,100.0,2.77,45.0,86.0,2.77,53.31,100.0,0.0,38.0,0.06,52.0,53.0,0.04,0.04,N/A,N/A
Emmanuel Adegboyega,9938,Center Back,495,21,€120K,Premiership,9.0,1.27,7.0,19.09,N/A,N/A,9.0,50.0,61.54,1.45,0.0,0.0,75.0,0.18,41.0,0.18,N/A,N/A,75.0,33.33,39.0,0.18,45.0,0.36,59.0,0.18,41.0,50.0,23.0,80.0,67.5,4.91,N/A,N/A,48.0,0.73,43.0,0.55,89.0,N/A,N/A,0.18,N/A,N/A,N/A,N/A,57.0,1.27,9.0,24.14,18.0,70.0,N/A,N/A,N/A,N/A,N/A,N/A,N/A,N/A,N/A,N/A,N/A,N/A,N/A,N/A,70.0,3.64,100.0,0.0,N/A,N/A,N/A,N/A,77.0,86.0,0.36,0.91,93.0,0.36,80.0,25.0,53.33,1.45,16.0,55.0,1.27,48.36,14.0,0.36,48.0,0.03,82.0,82.0,0.08,0.08,89.0,0.18
Ester Sokler,8485,Striker,327,25,N/A,Premiership,N/A,N/A,59.0,12.94,N/A,N/A,31.0,44.0,38.46,1.38,88.0,0.28,59.0,0.83,72.0,1.1,N/A,N/A,N/A,N/A,81.0,0.55,62.0,0.28,N/A,N/A,N/A,N/A,16.0,41.0,36.0,2.48,N/A,N/A,12.0,0.83,44.0,1.1,0.0,N/A,N/A,0.0,N/A,N/A,N/A,N/A,N/A,N/A,N/A,N/A,59.0,69.12,N/A,N/A,N/A,N/A,N/A,N/A,N/A,N/A,N/A,N/A,N/A,N/A,59.0,0.55,12.0,1.38,100.0,0.0,N/A,N/A,N/A,N/A,50.0,19.0,0.28,1.93,N/A,N/A,N/A,N/A,N/A,N/A,28.0,66.0,5.23,29.17,100.0,0.0,44.0,0.04,50.0,62.0,0.34,0.34,22.0,0.07
Ethan Ingram,8284,Right Back,430,21,€300K,Premiership,13.0,1.05,39.0,24.28,N/A,N/A,90.0,94.0,80.95,3.56,0.0,0.0,N/A,N/A,16.0,0.21,N/A,N/A,16.0,6.25,58.0,0.42,58.0,0.42,61.0,0.84,52.0,44.44,84.0,94.0,64.71,6.91,N/A,N/A,74.0,1.26,10.0,0.21,0.0,N/A,N/A,0.0,N/A,N/A,N/A,N/A,45.0,1.05,16.0,21.74,29.0,68.64,N/A,N/A,0.0,0.21,N/A,N/A,N/A,N/A,N/A,N/A,N/A,N/A,100.0,0.84,58.0,4.6,0.0,0.0,N/A,N/A,N/A,N/A,0.0,N/A,N/A,0.0,16.0,0.21,61.0,52.0,63.64,1.47,58.0,16.0,0.63,66.77,55.0,0.21,10.0,0.03,N/A,N/A,N/A,N/A,N/A,N/A
Ewan Wilson,9927,Left Wing-Back,630,19,€230K,Premiership,10.0,0.71,10.0,15.14,N/A,N/A,16.0,48.0,40.0,0.29,0.0,0.0,55.0,0.29,61.0,0.86,N/A,N/A,90.0,30.77,48.0,0.57,35.0,0.86,48.0,0.71,39.0,35.71,32.0,48.0,51.79,4.14,N/A,N/A,32.0,0.71,42.0,0.71,0.0,N/A,N/A,0.0,N/A,N/A,N/A,N/A,35.0,1.0,13.0,19.23,48.0,71.62,N/A,N/A,N/A,N/A,N/A,N/A,N/A,N/A,N/A,N/A,N/A,N/A,81.0,0.57,39.0,3.86,0.0,0.0,N/A,N/A,N/A,N/A,35.0,52.0,0.14,0.57,48.0,0.57,74.0,65.0,70.59,1.71,6.0,19.0,0.71,44.86,68.0,0.14,81.0,0.17,42.0,42.0,0.02,0.02,52.0,0.01
Frankie Kent,9860,Center Back,540,28,€720K,Premiership,91.0,5.5,82.0,55.5,N/A,N/A,61.0,27.0,55.56,4.17,0.0,0.0,100.0,0.83,91.0,0.67,N/A,N/A,N/A,N/A,100.0,0.0,N/A,N/A,70.0,0.33,59.0,66.67,50.0,32.0,58.46,6.33,N/A,N/A,86.0,1.33,25.0,0.33,93.0,N/A,N/A,0.33,N/A,N/A,N/A,N/A,50.0,1.17,84.0,55.0,84.0,86.27,N/A,N/A,9.0,0.17,N/A,N/A,N/A,N/A,N/A,N/A,N/A,N/A,N/A,N/A,89.0,4.33,100.0,0.0,N/A,N/A,N/A,N/A,95.0,82.0,0.33,1.5,N/A,N/A,39.0,27.0,55.56,0.83,77.0,89.0,2.5,77.17,36.0,0.17,80.0,0.05,100.0,100.0,0.27,0.27,93.0,0.22
Fraser Murray,8597,Attacking Midfielder,192,25,€340K,Premiership,N/A,N/A,11.0,12.19,N/A,N/A,65.0,73.0,50.0,0.94,0.0,0.0,32.0,0.47,54.0,1.41,N/A,N/A,43.0,18.18,86.0,0.47,81.0,0.47,N/A,N/A,N/A,N/A,0.0,19.0,28.57,1.88,N/A,N/A,81.0,1.88,32.0,0.47,0.0,N/A,N/A,0.0,N/A,N/A,N/A,N/A,N/A,N/A,N/A,N/A,89.0,86.67,N/A,N/A,0.0,0.47,N/A,N/A,N/A,N/A,N/A,N/A,N/A,N/A,N/A,N/A,32.0,3.28,100.0,0.0,N/A,N/A,N/A,N/A,8.0,N/A,N/A,0.94,68.0,0.94,N/A,N/A,N/A,N/A,3.0,3.0,0.47,30.0,100.0,0.0,51.0,0.14,38.0,38.0,0.15,0.15,N/A,N/A
Gavin Molloy,8485,Center Back,630,22,€175K,Premiership,39.0,2.57,73.0,44.86,N/A,N/A,52.0,20.0,53.06,3.71,0.0,0.0,66.0,0.14,N/A,N/A,N/A,N/A,N/A,N/A,100.0,0.0,75.0,0.14,N/A,N/A,N/A,N/A,43.0,43.0,60.29,5.86,N/A,N/A,14.0,0.43,75.0,1.0,0.0,N/A,N/A,0.0,N/A,N/A,N/A,N/A,91.0,2.29,55.0,39.13,82.0,84.86,N/A,N/A,11.0,0.14,N/A,N/A,N/A,N/A,N/A,N/A,N/A,N/A,N/A,N/A,18.0,2.43,100.0,0.0,N/A,N/A,N/A,N/A,30.0,N/A,N/A,0.29,N/A,N/A,48.0,77.0,77.78,1.0,75.0,20.0,0.57,69.57,45.0,0.14,11.0,0.0,27.0,27.0,0.02,0.02,N/A,N/A
George Harmon,8649,Left Back,366,23,€330K,Premiership,72.0,2.46,42.0,23.36,N/A,N/A,56.0,50.0,50.0,1.23,0.0,0.0,36.0,0.25,92.0,2.46,N/A,N/A,83.0,42.11,42.0,0.98,31.0,1.23,34.0,0.49,27.0,40.0,3.0,5.0,33.33,2.7,N/A,N/A,53.0,1.23,16.0,0.49,0.0,N/A,N/A,0.0,N/A,N/A,N/A,N/A,77.0,1.48,27.0,31.25,22.0,70.9,N/A,N/A,N/A,N/A,N/A,N/A,N/A,N/A,N/A,N/A,N/A,N/A,67.0,0.49,14.0,3.2,100.0,0.0,N/A,N/A,N/A,N/A,11.0,N/A,N/A,0.25,94.0,1.97,N/A,N/A,N/A,N/A,67.0,25.0,0.49,61.72,50.0,0.25,78.0,0.16,17.0,17.0,0.01,0.01,N/A,N/A
Gerald Taylor,9860,Right Back,365,23,€300K,Premiership,65.0,2.47,23.0,19.23,N/A,N/A,13.0,29.0,33.33,0.25,0.0,0.0,48.0,0.25,19.0,0.25,N/A,N/A,58.0,20.0,55.0,0.49,26.0,0.99,90.0,1.73,61.0,53.85,87.0,81.0,60.42,7.15,N/A,N/A,71.0,1.23,55.0,0.99,0.0,N/A,N/A,0.0,N/A,N/A,N/A,N/A,58.0,1.23,65.0,45.45,35.0,69.03,N/A,N/A,N/A,N/A,N/A,N/A,N/A,N/A,N/A,N/A,N/A,N/A,55.0,0.25,94.0,6.41,0.0,0.0,N/A,N/A,N/A,N/A,13.0,N/A,N/A,0.25,45.0,0.49,94.0,65.0,70.59,2.96,48.0,35.0,1.23,64.11,45.0,0.25,23.0,0.03,13.0,13.0,0.0,0.0,N/A,N/A
Graeme Shinnie,8485,Defensive Midfielder,540,33,€400K,Premiership,88.0,3.5,84.0,45.0,N/A,N/A,59.0,28.0,40.0,1.33,94.0,0.5,50.0,0.33,56.0,1.17,N/A,N/A,72.0,30.0,69.0,0.5,88.0,0.33,59.0,0.83,25.0,38.46,69.0,58.0,53.42,6.5,N/A,N/A,61.0,1.5,69.0,1.67,0.0,N/A,N/A,0.0,N/A,N/A,N/A,N/A,67.0,1.17,80.0,56.76,78.0,83.33,N/A,N/A,N/A,N/A,N/A,N/A,N/A,N/A,N/A,N/A,N/A,N/A,69.0,0.5,52.0,4.83,100.0,0.0,N/A,N/A,N/A,N/A,31.0,N/A,N/A,0.67,55.0,0.5,64.0,45.0,62.5,1.67,84.0,16.0,0.33,73.83,100.0,0.0,64.0,0.11,25.0,25.0,0.02,0.02,N/A,N/A
Graham Carey,8467,Central Midfielder,274,35,€300K,Premiership,91.0,3.94,61.0,28.58,N/A,N/A,20.0,50.0,50.0,0.66,0.0,0.0,N/A,N/A,31.0,0.66,N/A,N/A,41.0,14.29,5.0,1.97,27.0,1.31,80.0,1.31,61.0,57.14,59.0,22.0,46.15,5.91,N/A,N/A,80.0,1.97,53.0,1.31,0.0,N/A,N/A,0.0,N/A,N/A,N/A,N/A,16.0,0.33,75.0,54.55,36.0,75.65,N/A,N/A,N/A,N/A,N/A,N/A,N/A,N/A,N/A,N/A,N/A,N/A,91.0,0.66,55.0,4.93,100.0,0.0,N/A,N/A,N/A,N/A,30.0,81.0,0.66,0.66,70.0,0.99,53.0,17.0,50.0,1.31,64.0,N/A,N/A,60.77,100.0,0.0,17.0,0.03,22.0,22.0,0.02,0.02,56.0,0.04
Greg Taylor,9925,Left Back,480,26,€7.8M,Premiership,100.0,4.12,94.0,71.44,N/A,N/A,55.0,39.0,35.0,1.31,94.0,0.56,94.0,0.75,74.0,1.31,N/A,N/A,23.0,12.5,61.0,0.38,32.0,0.94,58.0,0.75,81.0,66.67,58.0,61.0,54.39,5.81,N/A,N/A,52.0,0.94,71.0,1.5,0.0,N/A,N/A,0.0,N/A,N/A,N/A,N/A,29.0,0.94,87.0,55.0,90.0,87.19,N/A,N/A,N/A,N/A,N/A,N/A,N/A,N/A,N/A,N/A,N/A,N/A,94.0,0.75,77.0,5.44,0.0,0.0,N/A,N/A,N/A,N/A,68.0,58.0,0.19,0.94,29.0,0.38,39.0,26.0,50.0,1.12,94.0,87.0,2.81,103.5,29.0,0.38,87.0,0.21,77.0,77.0,0.07,0.07,65.0,0.05
Hamza Igamane,8548,Striker,121,21,€1.2M,Premiership,100.0,1.49,53.0,12.64,N/A,N/A,38.0,25.0,33.33,2.23,0.0,0.0,100.0,2.23,91.0,1.49,N/A,N/A,N/A,N/A,100.0,0.0,12.0,0.74,94.0,1.49,47.0,33.33,88.0,78.0,44.83,9.67,N/A,N/A,100.0,3.72,84.0,2.23,0.0,N/A,N/A,0.0,N/A,N/A,N/A,N/A,91.0,0.74,84.0,66.67,50.0,68.0,N/A,N/A,N/A,N/A,N/A,N/A,N/A,N/A,N/A,N/A,N/A,N/A,78.0,0.74,50.0,2.23,100.0,0.0,N/A,N/A,N/A,N/A,94.0,47.0,0.74,4.46,N/A,N/A,100.0,62.0,60.0,2.23,91.0,91.0,7.44,42.4,100.0,0.0,91.0,0.17,56.0,69.0,0.37,0.37,16.0,0.07
Hyeok-Kyu Kwon,10251,Central Midfielder,411,23,€700K,Premiership,73.0,2.63,56.0,26.93,N/A,N/A,78.0,84.0,69.23,1.97,0.0,0.0,34.0,0.22,52.0,1.09,N/A,N/A,89.0,50.0,27.0,1.31,41.0,1.09,48.0,0.66,84.0,75.0,53.0,36.0,48.98,5.26,N/A,N/A,80.0,1.97,14.0,0.44,0.0,N/A,N/A,0.0,N/A,N/A,N/A,N/A,11.0,0.22,91.0,66.67,84.0,83.67,N/A,N/A,N/A,N/A,N/A,N/A,N/A,N/A,N/A,N/A,N/A,N/A,N/A,N/A,17.0,3.28,100.0,0.0,N/A,N/A,N/A,N/A,83.0,81.0,0.66,1.97,36.0,0.22,61.0,62.0,70.0,1.53,23.0,73.0,1.97,45.99,55.0,0.22,33.0,0.06,69.0,70.0,0.09,0.09,91.0,0.25
Innes Cameron,8597,Striker,125,24,€250K,Premiership,N/A,N/A,84.0,15.12,N/A,N/A,94.0,56.0,40.54,10.8,0.0,0.0,56.0,0.72,88.0,1.44,N/A,N/A,N/A,N/A,25.0,2.16,16.0,0.72,N/A,N/A,N/A,N/A,94.0,56.0,40.0,12.96,N/A,N/A,9.0,0.72,81.0,2.16,0.0,N/A,N/A,0.0,N/A,N/A,N/A,N/A,N/A,N/A,N/A,N/A,12.0,56.76,N/A,N/A,N/A,N/A,N/A,N/A,N/A,N/A,N/A,N/A,N/A,N/A,N/A,N/A,91.0,3.6,100.0,0.0,N/A,N/A,N/A,N/A,3.0,N/A,N/A,0.72,N/A,N/A,N/A,N/A,N/A,N/A,88.0,3.0,1.44,41.76,100.0,0.0,16.0,0.01,3.0,3.0,0.04,0.04,N/A,N/A
Jack Burroughs,8597,Left Midfielder,256,23,€400K,Premiership,84.0,3.16,29.0,21.45,N/A,N/A,42.0,29.0,33.33,1.05,0.0,0.0,N/A,N/A,45.0,0.7,N/A,N/A,32.0,15.38,19.0,1.05,71.0,0.35,29.0,0.35,23.0,25.0,23.0,23.0,39.13,3.16,N/A,N/A,29.0,0.7,39.0,0.7,0.0,N/A,N/A,0.0,N/A,N/A,N/A,N/A,48.0,1.05,84.0,52.94,52.0,71.76,N/A,N/A,N/A,N/A,N/A,N/A,N/A,N/A,N/A,N/A,N/A,N/A,71.0,0.35,42.0,3.87,0.0,0.0,N/A,N/A,N/A,N/A,0.0,N/A,N/A,0.0,58.0,0.7,35.0,100.0,100.0,1.05,29.0,10.0,0.35,58.71,100.0,0.0,84.0,0.18,N/A,N/A,N/A,N/A,N/A,N/A
Jack Butland,8548,Keeper,630,31,€2.1M,Premiership,0.0,3.29,N/A,N/A,33.0,0.29,N/A,N/A,N/A,N/A,N/A,N/A,N/A,N/A,N/A,N/A,87.0,0.71,N/A,N/A,N/A,N/A,N/A,N/A,N/A,N/A,N/A,N/A,N/A,N/A,N/A,N/A,100.0,0.0,N/A,N/A,N/A,N/A,N/A,87.0,0.57,N/A,53.0,-0.06,73.0,1.71,N/A,N/A,53.0,33.82,87.0,80.43,N/A,N/A,N/A,N/A,N/A,100.0,0.0,27.0,0.14,N/A,100.0,0.14,N/A,N/A,N/A,N/A,0.0,0.0,73.0,77.78,7.0,2.0,N/A,N/A,N/A,N/A,N/A,N/A,N/A,N/A,N/A,N/A,N/A,N/A,N/A,N/A,7.0,0.14,N/A,N/A,N/A,N/A,N/A,N/A,N/A,N/A
Jack Grieves,8649,Right Wing-Back,244,19,€170K,Premiership,8.0,0.37,0.0,10.7,N/A,N/A,66.0,28.0,40.0,1.48,89.0,0.37,59.0,0.37,53.0,1.11,N/A,N/A,31.0,10.0,9.0,1.84,0.0,3.32,50.0,0.74,27.0,40.0,11.0,2.0,27.03,3.69,N/A,N/A,73.0,1.84,N/A,N/A,0.0,N/A,N/A,0.0,N/A,N/A,N/A,N/A,64.0,1.11,12.0,16.67,12.0,65.91,N/A,N/A,N/A,N/A,N/A,N/A,N/A,N/A,N/A,N/A,N/A,N/A,55.0,0.37,5.0,2.21,100.0,0.0,N/A,N/A,N/A,N/A,41.0,N/A,N/A,0.74,45.0,0.37,41.0,72.0,75.0,1.11,2.0,17.0,0.37,33.57,100.0,0.0,14.0,0.03,61.0,62.0,0.07,0.07,N/A,N/A
Jack MacKenzie,8485,Left Back,630,24,€400K,Premiership,35.0,1.71,58.0,30.43,N/A,N/A,32.0,19.0,24.14,1.0,71.0,0.14,71.0,0.43,48.0,0.71,N/A,N/A,52.0,18.75,42.0,0.71,23.0,1.0,16.0,0.14,16.0,14.29,29.0,19.0,38.24,3.71,N/A,N/A,10.0,0.29,23.0,0.43,0.0,N/A,N/A,0.0,N/A,N/A,N/A,N/A,35.0,1.0,26.0,28.57,55.0,76.07,N/A,N/A,N/A,N/A,N/A,N/A,N/A,N/A,N/A,N/A,N/A,N/A,39.0,0.14,35.0,3.57,0.0,0.0,N/A,N/A,N/A,N/A,61.0,N/A,N/A,0.86,35.0,0.43,65.0,77.0,73.33,1.57,61.0,45.0,1.71,67.0,68.0,0.14,35.0,0.06,45.0,45.0,0.03,0.03,N/A,N/A
Jack Sanders,8467,Center Back,577,25,€200K,Premiership,23.0,2.03,61.0,35.25,N/A,N/A,80.0,59.0,66.07,5.77,0.0,0.0,84.0,0.31,32.0,0.16,N/A,N/A,N/A,N/A,100.0,0.0,52.0,0.31,50.0,0.16,100.0,100.0,80.0,57.0,64.2,8.11,N/A,N/A,82.0,1.25,95.0,1.56,0.0,N/A,N/A,0.0,N/A,N/A,N/A,N/A,25.0,0.78,16.0,26.0,52.0,77.13,N/A,N/A,N/A,N/A,N/A,N/A,N/A,N/A,N/A,N/A,N/A,N/A,N/A,N/A,41.0,2.81,5.0,0.16,N/A,N/A,N/A,N/A,66.0,N/A,N/A,0.78,N/A,N/A,18.0,100.0,100.0,0.62,59.0,48.0,1.09,63.48,43.0,0.16,14.0,0.01,77.0,77.0,0.08,0.08,N/A,N/A
Jack Walton,9938,Keeper,630,26,€450K,Premiership,60.0,6.14,N/A,N/A,73.0,0.57,N/A,N/A,N/A,N/A,N/A,N/A,N/A,N/A,N/A,N/A,73.0,0.43,N/A,N/A,N/A,N/A,N/A,N/A,N/A,N/A,N/A,N/A,N/A,N/A,N/A,N/A,100.0,0.0,N/A,N/A,N/A,N/A,N/A,73.0,1.0,N/A,67.0,0.17,27.0,1.0,N/A,N/A,27.0,31.16,33.0,48.95,N/A,N/A,N/A,N/A,N/A,27.0,0.14,67.0,0.29,N/A,100.0,0.14,N/A,N/A,N/A,N/A,0.0,0.0,60.0,69.57,33.0,2.29,N/A,N/A,N/A,N/A,N/A,N/A,N/A,N/A,N/A,N/A,N/A,N/A,N/A,N/A,7.0,0.14,N/A,N/A,N/A,N/A,N/A,N/A,N/A,N/A
Jaden Brown,9800,Left Back,336,25,€250K,Premiership,3.0,0.27,3.0,13.66,N/A,N/A,31.0,50.0,50.0,0.8,97.0,0.54,42.0,0.27,67.0,1.34,N/A,N/A,45.0,15.0,41.0,1.07,42.0,1.07,73.0,1.07,38.0,44.44,23.0,11.0,41.67,4.02,N/A,N/A,56.0,1.34,N/A,N/A,0.0,N/A,N/A,0.0,N/A,N/A,N/A,N/A,50.0,0.8,3.0,5.88,6.0,62.96,N/A,N/A,N/A,N/A,N/A,N/A,N/A,N/A,N/A,N/A,N/A,N/A,N/A,N/A,28.0,4.02,100.0,0.0,N/A,N/A,N/A,N/A,55.0,48.0,0.27,1.07,66.0,0.8,36.0,17.0,50.0,1.07,28.0,48.0,1.07,47.68,19.0,0.54,39.0,0.06,31.0,33.0,0.03,0.03,48.0,0.03
James Brown,8649,Right Wing-Back,417,26,€220K,Premiership,19.0,0.65,33.0,21.8,N/A,N/A,67.0,73.0,63.64,1.51,0.0,0.0,N/A,N/A,50.0,1.08,N/A,N/A,56.0,25.0,28.0,1.29,3.0,2.59,62.0,0.86,70.0,66.67,56.0,33.0,48.08,5.4,N/A,N/A,23.0,0.65,N/A,N/A,0.0,N/A,N/A,0.0,N/A,N/A,N/A,N/A,78.0,1.51,5.0,10.71,11.0,64.74,N/A,N/A,N/A,N/A,N/A,N/A,N/A,N/A,N/A,N/A,N/A,N/A,30.0,0.22,61.0,5.18,100.0,0.0,N/A,N/A,N/A,N/A,0.0,N/A,N/A,0.0,77.0,1.08,81.0,64.0,71.43,2.16,66.0,19.0,0.43,61.29,100.0,0.0,73.0,0.14,N/A,N/A,N/A,N/A,N/A,N/A
James Forrest,9925,Right Winger,287,33,€2M,Premiership,49.0,0.94,95.0,45.16,N/A,N/A,N/A,N/A,N/A,N/A,95.0,0.94,100.0,2.2,89.0,2.82,N/A,N/A,24.0,7.14,89.0,0.31,24.0,1.25,70.0,1.57,46.0,50.0,8.0,32.0,35.0,2.2,N/A,N/A,N/A,N/A,N/A,N/A,0.0,N/A,N/A,0.0,N/A,N/A,N/A,N/A,38.0,0.31,84.0,75.0,95.0,90.0,N/A,N/A,N/A,N/A,N/A,N/A,N/A,N/A,N/A,N/A,N/A,N/A,N/A,N/A,11.0,2.51,100.0,0.0,N/A,N/A,N/A,N/A,89.0,68.0,0.94,3.45,35.0,0.31,27.0,27.0,50.0,0.31,95.0,95.0,8.15,68.68,100.0,0.0,95.0,0.45,43.0,43.0,0.17,0.17,59.0,0.28
James Penrice,9860,Left Wing-Back,477,25,€650K,Premiership,19.0,1.32,48.0,25.28,N/A,N/A,45.0,58.0,50.0,1.13,0.0,0.0,N/A,N/A,52.0,0.75,N/A,N/A,29.0,14.81,52.0,0.57,68.0,0.38,N/A,N/A,N/A,N/A,39.0,65.0,56.41,4.15,N/A,N/A,55.0,0.94,29.0,0.57,0.0,N/A,N/A,0.0,N/A,N/A,N/A,N/A,61.0,1.32,6.0,16.67,42.0,70.53,N/A,N/A,3.0,0.19,N/A,N/A,N/A,N/A,N/A,N/A,N/A,N/A,N/A,N/A,32.0,3.4,0.0,0.0,N/A,N/A,N/A,N/A,71.0,90.0,0.57,0.94,68.0,0.75,42.0,23.0,46.15,1.13,52.0,39.0,1.32,64.34,10.0,0.57,26.0,0.04,48.0,48.0,0.03,0.03,68.0,0.06
James Scott,9800,Striker,198,24,€390K,Premiership,94.0,1.36,78.0,14.55,N/A,N/A,59.0,100.0,70.0,3.18,100.0,0.91,N/A,N/A,100.0,2.27,N/A,N/A,N/A,N/A,3.0,4.09,41.0,0.45,38.0,0.45,28.0,20.0,34.0,19.0,30.0,4.09,N/A,N/A,69.0,1.82,12.0,0.45,0.0,N/A,N/A,0.0,N/A,N/A,N/A,N/A,100.0,0.91,100.0,100.0,84.0,78.05,N/A,N/A,N/A,N/A,N/A,N/A,N/A,N/A,N/A,N/A,N/A,N/A,84.0,0.91,53.0,2.27,100.0,0.0,N/A,N/A,N/A,N/A,16.0,22.0,0.45,1.36,N/A,N/A,N/A,N/A,N/A,N/A,59.0,22.0,3.18,35.91,100.0,0.0,78.0,0.08,6.0,9.0,0.06,0.06,25.0,0.08
James Tavernier,8548,Right Back,630,32,€6.6M,Premiership,81.0,3.14,84.0,48.43,N/A,N/A,52.0,84.0,60.0,1.29,81.0,0.29,71.0,0.43,100.0,2.57,N/A,N/A,84.0,28.57,35.0,0.86,48.0,0.57,48.0,0.71,39.0,35.71,55.0,68.0,58.21,5.57,N/A,N/A,13.0,0.43,32.0,0.57,0.0,N/A,N/A,0.0,N/A,N/A,N/A,N/A,68.0,1.43,55.0,40.0,71.0,80.33,N/A,N/A,N/A,N/A,N/A,N/A,N/A,N/A,N/A,N/A,N/A,N/A,81.0,0.57,81.0,5.86,0.0,0.0,N/A,N/A,N/A,N/A,94.0,74.0,0.43,1.43,94.0,2.29,87.0,81.0,76.19,2.29,87.0,68.0,2.29,90.0,68.0,0.14,94.0,0.3,81.0,81.0,0.09,0.09,74.0,0.09
Jamie McGrath,8485,Left Winger,524,28,€1.3M,Premiership,57.0,1.03,70.0,26.45,N/A,N/A,81.0,89.0,70.59,2.06,86.0,0.69,16.0,0.34,95.0,3.44,N/A,N/A,84.0,47.06,24.0,1.72,46.0,0.86,49.0,1.03,32.0,37.5,95.0,89.0,53.57,7.73,N/A,N/A,68.0,1.55,95.0,2.4,62.0,N/A,N/A,0.34,N/A,N/A,N/A,N/A,81.0,0.86,24.0,28.57,51.0,75.49,N/A,N/A,N/A,N/A,N/A,N/A,N/A,N/A,N/A,N/A,N/A,N/A,78.0,0.69,89.0,5.5,100.0,0.0,N/A,N/A,N/A,N/A,27.0,46.0,0.52,1.72,95.0,2.75,78.0,70.0,71.43,1.72,86.0,46.0,4.29,62.69,38.0,0.17,84.0,0.33,54.0,54.0,0.18,0.18,62.0,0.28
Jefte,8548,Left Back,450,20,€750K,Premiership,39.0,1.8,74.0,42.8,N/A,N/A,32.0,26.0,27.78,1.0,0.0,0.0,N/A,N/A,39.0,0.6,N/A,N/A,81.0,28.0,26.0,1.0,65.0,0.4,100.0,1.8,77.0,64.29,68.0,32.0,49.23,6.4,N/A,N/A,87.0,1.6,58.0,1.0,0.0,N/A,N/A,0.0,N/A,N/A,N/A,N/A,87.0,1.8,90.0,56.25,81.0,84.25,N/A,N/A,N/A,N/A,N/A,N/A,N/A,N/A,N/A,N/A,N/A,N/A,52.0,0.2,55.0,4.4,0.0,0.0,N/A,N/A,N/A,N/A,23.0,N/A,N/A,0.4,90.0,1.4,84.0,61.0,69.23,1.8,81.0,13.0,0.6,85.4,6.0,0.6,68.0,0.15,19.0,19.0,0.01,0.01,N/A,N/A
Joe Newell,10251,Defensive Midfielder,360,31,€720K,Premiership,92.0,4.0,50.0,26.0,N/A,N/A,39.0,41.0,44.44,1.0,0.0,0.0,N/A,N/A,62.0,1.25,N/A,N/A,38.0,12.5,84.0,0.25,78.0,0.5,N/A,N/A,N/A,N/A,30.0,66.0,56.67,4.25,N/A,N/A,61.0,1.5,59.0,1.5,84.0,N/A,N/A,0.25,N/A,N/A,N/A,N/A,27.0,0.5,50.0,42.11,19.0,68.87,N/A,N/A,N/A,N/A,N/A,N/A,N/A,N/A,N/A,N/A,N/A,N/A,N/A,N/A,27.0,4.0,100.0,0.0,N/A,N/A,N/A,N/A,12.0,45.0,0.25,0.25,39.0,0.25,31.0,34.0,57.14,1.0,44.0,11.0,0.25,53.0,27.0,0.5,27.0,0.05,8.0,8.0,0.0,0.0,78.0,0.13
John Souttar,8548,Center Back,630,28,€4M,Premiership,100.0,6.14,86.0,73.57,N/A,N/A,43.0,45.0,60.98,3.57,0.0,0.0,82.0,0.29,52.0,0.29,N/A,N/A,100.0,100.0,20.0,0.29,55.0,0.29,41.0,0.14,100.0,100.0,25.0,34.0,59.32,5.0,N/A,N/A,64.0,1.0,64.0,0.86,0.0,N/A,N/A,0.0,N/A,N/A,N/A,N/A,5.0,0.14,95.0,71.67,93.0,92.29,N/A,N/A,11.0,0.14,N/A,N/A,N/A,N/A,N/A,N/A,N/A,N/A,N/A,N/A,39.0,2.71,100.0,0.0,N/A,N/A,N/A,N/A,48.0,61.0,0.14,0.57,70.0,0.14,7.0,48.0,66.67,0.29,84.0,32.0,0.86,89.43,100.0,0.0,68.0,0.04,59.0,59.0,0.05,0.05,61.0,0.02
Jon McCracken,8284,Keeper,630,24,€270K,Premiership,67.0,7.14,N/A,N/A,60.0,0.43,N/A,N/A,N/A,N/A,100.0,0.14,N/A,N/A,N/A,N/A,0.0,0.0,N/A,N/A,N/A,N/A,N/A,N/A,N/A,N/A,N/A,N/A,N/A,N/A,N/A,N/A,7.0,0.14,N/A,N/A,N/A,N/A,N/A,13.0,2.0,N/A,20.0,-0.39,27.0,1.0,N/A,N/A,20.0,27.17,7.0,36.19,N/A,N/A,N/A,N/A,N/A,27.0,0.14,27.0,0.14,N/A,0.0,0.0,N/A,N/A,N/A,N/A,0.0,0.0,20.0,56.25,47.0,2.57,N/A,N/A,N/A,N/A,N/A,N/A,N/A,N/A,N/A,N/A,N/A,N/A,N/A,N/A,100.0,0.0,N/A,N/A,N/A,N/A,N/A,N/A,N/A,N/A
Jonah Ayunga,9800,Striker,202,27,€500K,Premiership,N/A,N/A,28.0,8.91,N/A,N/A,50.0,84.0,58.33,3.12,0.0,0.0,69.0,0.89,N/A,N/A,N/A,N/A,84.0,50.0,9.0,3.12,N/A,N/A,75.0,0.89,81.0,66.67,53.0,84.0,46.43,5.79,N/A,N/A,22.0,0.89,72.0,1.78,0.0,N/A,N/A,0.0,N/A,N/A,N/A,N/A,N/A,N/A,N/A,N/A,31.0,64.52,N/A,N/A,N/A,N/A,N/A,N/A,N/A,N/A,N/A,N/A,N/A,N/A,N/A,N/A,78.0,3.12,100.0,0.0,N/A,N/A,N/A,N/A,6.0,N/A,N/A,1.34,91.0,0.45,N/A,N/A,N/A,N/A,34.0,9.0,2.67,30.3,100.0,0.0,81.0,0.11,12.0,16.0,0.08,0.08,N/A,N/A
Jordan McGhee,8284,Right Back,405,28,€380K,Premiership,32.0,1.56,65.0,33.11,N/A,N/A,100.0,71.0,52.94,4.0,0.0,0.0,N/A,N/A,29.0,0.44,N/A,N/A,58.0,20.0,77.0,0.22,77.0,0.22,35.0,0.44,81.0,66.67,48.0,42.0,51.06,5.33,N/A,N/A,45.0,0.89,13.0,0.22,0.0,N/A,N/A,0.0,N/A,N/A,N/A,N/A,52.0,1.11,32.0,29.17,65.0,78.42,N/A,N/A,N/A,N/A,N/A,N/A,N/A,N/A,N/A,N/A,N/A,N/A,N/A,N/A,3.0,1.78,0.0,0.0,N/A,N/A,N/A,N/A,65.0,61.0,0.22,0.89,19.0,0.22,13.0,13.0,33.33,0.22,42.0,61.0,2.22,63.33,52.0,0.22,19.0,0.03,74.0,74.0,0.07,0.07,55.0,0.01
Jordan Obita,10251,Left Back,630,30,€550K,Premiership,52.0,2.0,45.0,25.14,N/A,N/A,74.0,55.0,44.44,1.71,0.0,0.0,39.0,0.14,61.0,0.86,N/A,N/A,42.0,16.67,100.0,0.0,55.0,0.43,26.0,0.29,29.0,33.33,32.0,48.0,51.79,4.14,N/A,N/A,42.0,0.86,32.0,0.57,0.0,N/A,N/A,0.0,N/A,N/A,N/A,N/A,55.0,1.14,39.0,31.82,39.0,70.12,N/A,N/A,10.0,0.14,N/A,N/A,N/A,N/A,N/A,N/A,N/A,N/A,65.0,0.29,68.0,4.71,0.0,0.0,N/A,N/A,N/A,N/A,16.0,N/A,N/A,0.29,61.0,0.71,45.0,74.0,72.73,1.14,39.0,6.0,0.29,62.0,68.0,0.14,58.0,0.11,16.0,16.0,0.01,0.01,58.0,0.01
Jordan White,8649,Striker,497,32,€350K,Premiership,59.0,0.36,81.0,14.85,N/A,N/A,100.0,81.0,58.2,12.86,0.0,0.0,31.0,0.36,47.0,0.72,N/A,N/A,84.0,50.0,72.0,0.72,69.0,0.18,28.0,0.36,81.0,66.67,100.0,94.0,53.9,15.03,N/A,N/A,91.0,2.72,50.0,1.27,47.0,N/A,N/A,0.18,N/A,N/A,N/A,N/A,94.0,0.91,69.0,40.0,9.0,55.03,91.0,0.18,N/A,N/A,94.0,N/A,N/A,N/A,N/A,0.18,N/A,N/A,31.0,0.18,16.0,1.45,100.0,0.0,N/A,N/A,N/A,N/A,22.0,25.0,0.54,1.45,81.0,0.18,84.0,100.0,100.0,0.72,84.0,16.0,2.9,40.74,6.0,0.36,19.0,0.02,34.0,25.0,0.1,0.25,47.0,0.2
Jorge Grant,9860,Central Midfielder,511,29,€430K,Premiership,78.0,1.59,76.0,28.18,N/A,N/A,76.0,65.0,41.18,1.23,0.0,0.0,19.0,0.35,22.0,0.88,N/A,N/A,27.0,8.33,62.0,1.06,70.0,0.53,14.0,0.53,19.0,27.27,51.0,68.0,49.15,5.11,N/A,N/A,41.0,0.7,62.0,1.23,0.0,N/A,N/A,0.0,N/A,N/A,N/A,N/A,73.0,0.7,59.0,56.25,76.0,80.4,N/A,N/A,N/A,N/A,N/A,N/A,N/A,N/A,N/A,N/A,N/A,N/A,N/A,N/A,65.0,4.58,0.0,0.18,N/A,N/A,N/A,N/A,5.0,24.0,0.35,0.88,24.0,0.18,84.0,70.0,71.43,1.76,54.0,19.0,1.76,50.9,35.0,0.18,32.0,0.08,5.0,5.0,0.04,0.04,57.0,0.17
Jort van der Sande,9938,Attacking Midfielder,442,28,€600K,Premiership,50.0,0.2,91.0,15.68,N/A,N/A,88.0,59.0,41.33,6.31,81.0,0.2,N/A,N/A,69.0,1.02,N/A,N/A,N/A,N/A,44.0,1.63,28.0,0.61,66.0,0.81,66.0,50.0,84.0,62.0,41.28,9.16,N/A,N/A,38.0,1.22,59.0,1.63,0.0,N/A,N/A,0.0,N/A,N/A,N/A,N/A,66.0,0.2,44.0,20.0,41.0,66.38,N/A,N/A,N/A,N/A,N/A,N/A,N/A,N/A,N/A,N/A,N/A,N/A,47.0,0.41,56.0,2.44,100.0,0.0,N/A,N/A,N/A,N/A,0.0,12.0,0.2,0.41,N/A,N/A,41.0,53.0,50.0,0.2,75.0,19.0,3.05,38.28,100.0,0.0,88.0,0.15,0.0,0.0,0.03,0.03,12.0,0.0
Josef Bursik,10251,Keeper,630,24,€850K,Premiership,33.0,6.0,N/A,N/A,N/A,N/A,N/A,N/A,N/A,N/A,N/A,N/A,N/A,N/A,N/A,N/A,40.0,0.14,N/A,N/A,N/A,N/A,N/A,N/A,N/A,N/A,N/A,N/A,N/A,N/A,N/A,N/A,100.0,0.0,N/A,N/A,N/A,N/A,N/A,47.0,1.57,N/A,33.0,-0.28,60.0,1.29,N/A,N/A,47.0,33.6,53.0,54.35,N/A,N/A,N/A,N/A,N/A,27.0,0.14,27.0,0.14,N/A,0.0,0.0,N/A,N/A,N/A,N/A,0.0,0.0,47.0,62.07,47.0,2.57,N/A,N/A,N/A,N/A,N/A,N/A,N/A,N/A,N/A,N/A,N/A,N/A,N/A,N/A,100.0,0.0,N/A,N/A,N/A,N/A,N/A,N/A,N/A,N/A
Josh Campbell,10251,Attacking Midfielder,346,24,€950K,Premiership,59.0,1.04,43.0,20.55,N/A,N/A,70.0,32.0,19.05,1.04,0.0,0.0,73.0,1.04,41.0,1.04,N/A,N/A,N/A,N/A,32.0,1.56,22.0,1.56,24.0,0.78,100.0,100.0,30.0,14.0,27.45,3.64,N/A,N/A,89.0,2.08,51.0,1.04,0.0,N/A,N/A,0.0,N/A,N/A,N/A,N/A,35.0,0.26,35.0,44.44,14.0,69.91,N/A,N/A,N/A,N/A,N/A,N/A,N/A,N/A,N/A,N/A,N/A,N/A,35.0,0.26,51.0,3.64,100.0,0.0,N/A,N/A,N/A,N/A,46.0,57.0,0.78,2.34,N/A,N/A,49.0,100.0,100.0,0.78,35.0,27.0,2.6,40.84,3.0,0.52,8.0,0.04,41.0,41.0,0.16,0.16,27.0,0.04
Josh Mulligan,8284,Right Winger,155,21,€400K,Premiership,N/A,N/A,55.0,26.71,N/A,N/A,53.0,100.0,100.0,1.16,0.0,0.0,72.0,0.58,84.0,1.74,N/A,N/A,56.0,25.0,11.0,1.74,72.0,0.58,42.0,0.58,12.0,25.0,52.0,53.0,52.94,5.23,N/A,N/A,17.0,0.58,77.0,1.74,0.0,N/A,N/A,0.0,N/A,N/A,N/A,N/A,66.0,1.16,N/A,N/A,91.0,85.19,N/A,N/A,N/A,N/A,N/A,N/A,N/A,N/A,N/A,N/A,N/A,N/A,N/A,N/A,50.0,4.65,100.0,0.0,N/A,N/A,N/A,N/A,25.0,N/A,N/A,0.58,61.0,0.58,14.0,8.0,33.33,0.58,30.0,88.0,2.9,48.19,100.0,0.0,95.0,0.31,36.0,38.0,0.03,0.03,N/A,N/A
Joshua Nisbet,8649,Central Midfielder,436,25,€450K,Premiership,17.0,0.62,6.0,15.48,N/A,N/A,34.0,41.0,44.44,0.83,77.0,0.21,33.0,0.21,80.0,1.65,N/A,N/A,97.0,66.67,48.0,0.83,70.0,0.62,28.0,0.41,27.0,40.0,55.0,70.0,57.78,5.37,N/A,N/A,42.0,1.03,81.0,1.86,0.0,N/A,N/A,0.0,N/A,N/A,N/A,N/A,94.0,2.06,41.0,37.5,45.0,76.53,N/A,N/A,N/A,N/A,N/A,N/A,N/A,N/A,N/A,N/A,N/A,N/A,58.0,0.41,12.0,3.1,100.0,0.0,N/A,N/A,N/A,N/A,17.0,41.0,0.21,0.41,50.0,0.41,48.0,27.0,54.55,1.24,3.0,36.0,0.83,36.74,100.0,0.0,31.0,0.05,34.0,36.0,0.03,0.03,52.0,0.03
Juan Portales,8284,Center Back,630,28,€300K,Premiership,68.0,3.29,48.0,32.43,N/A,N/A,30.0,39.0,59.38,2.71,93.0,0.14,N/A,N/A,77.0,0.43,N/A,N/A,82.0,40.0,20.0,0.29,39.0,0.43,41.0,0.14,100.0,100.0,30.0,45.0,61.02,5.14,N/A,N/A,39.0,0.71,55.0,0.71,0.0,N/A,N/A,0.0,N/A,N/A,N/A,N/A,32.0,0.86,64.0,45.1,61.0,81.07,N/A,N/A,N/A,N/A,N/A,N/A,N/A,N/A,N/A,N/A,N/A,N/A,N/A,N/A,55.0,3.29,100.0,0.0,N/A,N/A,N/A,N/A,48.0,77.0,0.29,0.57,86.0,0.29,77.0,84.0,83.33,1.43,27.0,20.0,0.57,52.71,25.0,0.29,50.0,0.03,41.0,41.0,0.03,0.03,73.0,0.08
Kacper Lopata,8649,Center Back,432,23,€200K,Premiership,30.0,2.29,2.0,16.04,N/A,N/A,25.0,32.0,57.14,2.5,0.0,0.0,N/A,N/A,75.0,0.42,N/A,N/A,N/A,N/A,32.0,0.21,N/A,N/A,N/A,N/A,N/A,N/A,11.0,16.0,53.12,3.54,N/A,N/A,84.0,1.25,86.0,1.25,0.0,N/A,N/A,0.0,N/A,N/A,N/A,N/A,55.0,1.25,50.0,37.93,9.0,67.54,N/A,N/A,N/A,N/A,N/A,N/A,N/A,N/A,N/A,N/A,N/A,N/A,N/A,N/A,25.0,2.5,100.0,0.0,N/A,N/A,N/A,N/A,25.0,70.0,0.21,0.21,N/A,N/A,5.0,100.0,100.0,0.21,0.0,43.0,1.04,36.67,2.0,0.62,27.0,0.02,23.0,23.0,0.01,0.01,57.0,0.0
Kasper Schmeichel,9925,Keeper,630,37,€1.5M,Premiership,0.0,3.29,N/A,N/A,33.0,0.29,N/A,N/A,N/A,N/A,N/A,N/A,N/A,N/A,N/A,N/A,100.0,0.86,N/A,N/A,N/A,N/A,N/A,N/A,N/A,N/A,N/A,N/A,N/A,N/A,N/A,N/A,100.0,0.0,N/A,N/A,N/A,N/A,N/A,93.0,0.14,N/A,80.0,0.29,0.0,0.14,N/A,N/A,100.0,74.19,100.0,96.23,N/A,N/A,N/A,N/A,N/A,27.0,0.14,27.0,0.14,N/A,0.0,0.0,N/A,N/A,N/A,N/A,0.0,0.0,100.0,93.33,7.0,2.0,N/A,N/A,N/A,N/A,N/A,N/A,N/A,N/A,N/A,N/A,N/A,N/A,N/A,N/A,100.0,0.0,N/A,N/A,N/A,N/A,N/A,N/A,N/A,N/A
Kenneth Vargas,9860,Striker,526,22,€900K,Premiership,41.0,0.68,8.0,12.15,N/A,N/A,59.0,41.0,23.81,0.86,0.0,0.0,11.0,0.17,19.0,0.86,N/A,N/A,41.0,16.67,19.0,1.88,76.0,0.51,19.0,0.68,8.0,18.18,57.0,30.0,34.09,5.13,N/A,N/A,73.0,1.71,57.0,1.2,0.0,N/A,N/A,0.0,N/A,N/A,N/A,N/A,N/A,N/A,70.0,66.67,32.0,71.72,N/A,N/A,N/A,N/A,N/A,N/A,N/A,N/A,N/A,N/A,N/A,N/A,41.0,0.34,14.0,2.57,100.0,0.0,N/A,N/A,N/A,N/A,11.0,19.0,0.17,1.03,38.0,0.34,86.0,76.0,73.33,1.88,24.0,49.0,4.62,37.98,41.0,0.17,27.0,0.07,27.0,27.0,0.12,0.12,35.0,0.06
Kevin Holt,9938,Center Back,378,31,N/A,Premiership,27.0,0.95,14.0,17.38,N/A,N/A,97.0,72.0,61.11,5.24,0.0,0.0,N/A,N/A,11.0,0.24,N/A,N/A,N/A,N/A,100.0,0.0,34.0,1.19,N/A,N/A,N/A,N/A,81.0,75.0,61.11,7.86,N/A,N/A,14.0,0.48,45.0,0.95,0.0,N/A,N/A,0.0,N/A,N/A,N/A,N/A,73.0,1.43,11.0,15.38,9.0,63.48,N/A,N/A,N/A,N/A,N/A,N/A,N/A,N/A,N/A,N/A,N/A,N/A,N/A,N/A,0.0,1.43,100.0,0.0,N/A,N/A,N/A,N/A,0.0,N/A,N/A,0.0,N/A,N/A,64.0,77.0,77.78,1.67,17.0,67.0,1.67,43.1,53.0,0.24,23.0,0.04,14.0,14.0,0.01,0.01,N/A,N/A
Kevin van Veen,9800,Striker,127,33,€450K,Premiership,84.0,0.71,88.0,15.59,N/A,N/A,6.0,16.0,25.0,0.71,0.0,0.0,N/A,N/A,44.0,0.71,N/A,N/A,N/A,N/A,6.0,3.54,N/A,N/A,53.0,0.71,66.0,50.0,12.0,6.0,23.08,2.13,N/A,N/A,56.0,1.42,25.0,0.71,0.0,N/A,N/A,0.0,N/A,N/A,N/A,N/A,N/A,N/A,100.0,100.0,88.0,78.57,N/A,N/A,N/A,N/A,N/A,N/A,N/A,N/A,N/A,N/A,N/A,N/A,N/A,N/A,3.0,0.71,100.0,0.0,N/A,N/A,N/A,N/A,19.0,N/A,N/A,1.42,N/A,N/A,N/A,N/A,N/A,N/A,53.0,34.0,3.54,34.02,100.0,0.0,75.0,0.08,9.0,12.0,0.08,0.08,N/A,N/A
Kieran Dowell,8548,Defensive Midfielder,157,27,€2.5M,Premiership,80.0,2.87,80.0,40.7,N/A,N/A,72.0,88.0,75.0,1.72,0.0,0.0,N/A,N/A,83.0,1.72,N/A,N/A,N/A,N/A,64.0,0.57,9.0,2.29,41.0,0.57,42.0,50.0,58.0,44.0,50.0,5.73,N/A,N/A,67.0,1.72,73.0,1.72,0.0,N/A,N/A,0.0,N/A,N/A,N/A,N/A,38.0,0.57,88.0,62.5,89.0,84.52,N/A,N/A,N/A,N/A,N/A,N/A,N/A,N/A,N/A,N/A,N/A,N/A,86.0,0.57,9.0,2.87,100.0,0.0,N/A,N/A,N/A,N/A,59.0,92.0,1.15,1.15,N/A,N/A,44.0,55.0,66.67,1.15,78.0,52.0,1.15,67.07,14.0,0.57,25.0,0.04,53.0,55.0,0.05,0.05,69.0,0.1
Kieran O'Hara,8597,Keeper,360,28,N/A,Premiership,33.0,6.0,N/A,N/A,N/A,N/A,N/A,N/A,N/A,N/A,N/A,N/A,N/A,N/A,N/A,N/A,0.0,0.0,N/A,N/A,N/A,N/A,N/A,N/A,N/A,N/A,N/A,N/A,N/A,N/A,N/A,N/A,100.0,0.0,N/A,N/A,N/A,N/A,N/A,13.0,2.0,N/A,40.0,-0.24,53.0,1.25,N/A,N/A,7.0,24.74,13.0,36.52,N/A,N/A,N/A,N/A,N/A,0.0,0.5,100.0,0.5,N/A,0.0,0.0,N/A,N/A,N/A,N/A,0.0,0.0,7.0,52.94,20.0,2.25,N/A,N/A,N/A,N/A,N/A,N/A,N/A,N/A,N/A,N/A,N/A,N/A,N/A,N/A,100.0,0.0,N/A,N/A,N/A,N/A,N/A,N/A,N/A,N/A
Killian Phillips,9800,Central Midfielder,384,22,€350K,Premiership,25.0,0.94,27.0,20.39,N/A,N/A,77.0,64.0,57.14,1.88,78.0,0.23,66.0,0.47,58.0,1.17,N/A,N/A,34.0,11.11,56.0,0.7,80.0,0.47,67.0,0.94,70.0,66.67,20.0,50.0,51.52,3.98,N/A,N/A,27.0,0.7,8.0,0.23,81.0,N/A,N/A,0.23,N/A,N/A,N/A,N/A,22.0,0.47,81.0,57.14,73.0,81.31,N/A,N/A,N/A,N/A,N/A,N/A,N/A,N/A,N/A,N/A,N/A,N/A,66.0,0.47,6.0,2.34,100.0,0.0,N/A,N/A,N/A,N/A,89.0,91.0,0.94,2.34,38.0,0.23,30.0,100.0,100.0,0.94,14.0,91.0,3.05,41.95,100.0,0.0,52.0,0.09,92.0,97.0,0.25,0.25,94.0,0.32
Kristijan Trapanovski,9938,Attacking Midfielder,377,25,€350K,Premiership,43.0,0.72,5.0,9.79,N/A,N/A,41.0,22.0,12.5,0.48,0.0,0.0,86.0,1.43,35.0,0.95,N/A,N/A,27.0,8.33,54.0,1.19,30.0,1.19,41.0,0.95,14.0,25.0,16.0,5.0,24.14,3.34,N/A,N/A,86.0,1.91,41.0,0.72,51.0,N/A,N/A,0.24,N/A,N/A,N/A,N/A,27.0,0.24,62.0,60.0,35.0,71.93,N/A,N/A,N/A,N/A,N/A,N/A,N/A,N/A,N/A,N/A,N/A,N/A,81.0,0.72,19.0,2.86,100.0,0.0,N/A,N/A,N/A,N/A,86.0,76.0,1.19,3.34,30.0,0.24,41.0,49.0,60.0,0.72,8.0,35.0,3.58,34.14,8.0,0.48,38.0,0.1,73.0,73.0,0.41,0.41,84.0,0.61
Kye Rowles,9860,Center Back,540,26,€1.1M,Premiership,61.0,3.17,77.0,51.67,N/A,N/A,39.0,9.0,43.18,3.17,0.0,0.0,N/A,N/A,N/A,N/A,N/A,N/A,N/A,N/A,100.0,0.0,34.0,0.5,N/A,N/A,N/A,N/A,20.0,5.0,45.31,4.83,N/A,N/A,77.0,1.17,16.0,0.17,0.0,N/A,N/A,0.0,N/A,N/A,N/A,N/A,89.0,2.17,18.0,29.69,59.0,79.49,N/A,N/A,N/A,N/A,N/A,N/A,N/A,N/A,N/A,N/A,N/A,N/A,N/A,N/A,73.0,3.67,100.0,0.0,N/A,N/A,N/A,N/A,34.0,N/A,N/A,0.33,N/A,N/A,68.0,66.0,70.0,1.17,80.0,59.0,1.33,78.83,18.0,0.33,93.0,0.12,45.0,45.0,0.04,0.04,N/A,N/A
Kyle Cameron,8467,Center Back,574,27,€300K,Premiership,59.0,3.14,50.0,32.46,N/A,N/A,34.0,18.0,52.78,2.98,0.0,0.0,N/A,N/A,N/A,N/A,N/A,N/A,70.0,16.67,100.0,0.0,50.0,0.31,52.0,0.16,41.0,50.0,32.0,39.0,60.0,5.17,N/A,N/A,16.0,0.47,70.0,0.94,0.0,N/A,N/A,0.0,N/A,N/A,N/A,N/A,9.0,0.47,27.0,32.79,32.0,73.67,N/A,N/A,N/A,N/A,N/A,N/A,N/A,N/A,N/A,N/A,N/A,N/A,91.0,0.16,68.0,3.61,100.0,0.0,N/A,N/A,N/A,N/A,0.0,N/A,N/A,0.0,77.0,0.16,20.0,32.0,57.14,0.63,52.0,30.0,0.78,59.27,100.0,0.0,55.0,0.03,N/A,N/A,N/A,N/A,N/A,N/A
Kyle Vassell,8597,Striker,450,32,€360K,Premiership,47.0,0.2,50.0,11.8,N/A,N/A,62.0,50.0,40.0,3.2,0.0,0.0,91.0,1.4,50.0,0.8,N/A,N/A,81.0,42.86,53.0,1.4,53.0,0.4,62.0,0.8,53.0,40.0,66.0,69.0,42.86,7.2,N/A,N/A,66.0,1.8,88.0,2.4,0.0,N/A,N/A,0.0,N/A,N/A,N/A,N/A,N/A,N/A,44.0,20.0,44.0,67.05,N/A,N/A,N/A,N/A,N/A,N/A,N/A,N/A,N/A,N/A,N/A,N/A,94.0,1.0,94.0,3.8,100.0,0.0,N/A,N/A,N/A,N/A,59.0,9.0,0.2,2.8,100.0,0.6,59.0,53.0,50.0,0.4,78.0,44.0,4.0,38.4,100.0,0.0,50.0,0.04,59.0,72.0,0.39,0.39,28.0,0.08
Kyogo Furuhashi,9925,Striker,440,29,€18M,Premiership,53.0,0.2,16.0,7.36,N/A,N/A,N/A,N/A,N/A,N/A,94.0,0.41,81.0,1.23,53.0,0.82,N/A,N/A,N/A,N/A,78.0,0.61,25.0,0.61,31.0,0.41,81.0,66.67,0.0,9.0,23.53,0.82,N/A,N/A,6.0,0.61,6.0,0.41,88.0,N/A,N/A,0.61,N/A,N/A,N/A,N/A,N/A,N/A,56.0,33.33,72.0,72.0,N/A,N/A,N/A,N/A,N/A,N/A,N/A,N/A,N/A,N/A,N/A,N/A,66.0,0.61,6.0,0.82,100.0,0.0,N/A,N/A,N/A,N/A,100.0,100.0,2.66,5.32,N/A,N/A,N/A,N/A,N/A,N/A,0.0,72.0,5.52,19.43,100.0,0.0,47.0,0.04,100.0,100.0,0.95,0.95,84.0,0.7
Lawrence Shankland,9860,Striker,711,29,€4.5M,Premiership,69.0,0.51,75.0,14.43,N/A,N/A,44.0,88.0,60.0,2.28,84.0,0.25,88.0,1.39,75.0,1.14,N/A,N/A,75.0,11.11,31.0,2.03,56.0,0.38,84.0,1.01,66.0,50.0,44.0,47.0,38.95,4.68,N/A,N/A,84.0,2.41,19.0,0.63,44.0,N/A,N/A,0.13,N/A,N/A,N/A,N/A,72.0,0.25,66.0,36.36,62.0,69.51,N/A,N/A,N/A,N/A,N/A,N/A,N/A,N/A,N/A,N/A,N/A,N/A,56.0,0.51,38.0,2.03,100.0,0.0,N/A,N/A,N/A,N/A,84.0,69.0,1.14,3.92,72.0,0.13,56.0,53.0,50.0,0.38,72.0,94.0,7.85,37.97,0.0,0.51,84.0,0.13,53.0,66.0,0.35,0.35,56.0,0.32
Lennon Miller,9927,Central Midfielder,613,18,€850K,Premiership,95.0,2.79,59.0,23.93,N/A,N/A,73.0,62.0,34.78,1.17,81.0,0.44,49.0,0.59,78.0,2.5,N/A,N/A,68.0,28.89,73.0,0.73,62.0,0.59,46.0,1.03,73.0,53.85,73.0,84.0,52.11,5.43,N/A,N/A,38.0,0.59,84.0,1.91,59.0,N/A,N/A,0.29,N/A,N/A,N/A,N/A,86.0,1.03,41.0,46.34,22.0,70.87,N/A,N/A,N/A,N/A,100.0,N/A,N/A,N/A,N/A,0.15,N/A,N/A,49.0,0.44,86.0,5.43,100.0,0.0,N/A,N/A,N/A,N/A,30.0,35.0,0.44,1.91,89.0,1.91,38.0,22.0,40.0,0.59,73.0,41.0,3.82,57.85,100.0,0.0,73.0,0.25,70.0,57.0,0.18,0.3,43.0,0.12
Leon Balogun,8548,Center Back,102,36,€250K,Premiership,43.0,2.65,89.0,81.18,N/A,N/A,100.0,52.0,62.5,8.82,0.0,0.0,N/A,N/A,N/A,N/A,N/A,N/A,N/A,N/A,100.0,0.0,9.0,0.88,N/A,N/A,N/A,N/A,100.0,64.0,65.22,13.24,N/A,N/A,57.0,0.88,68.0,0.88,0.0,N/A,N/A,0.0,N/A,N/A,N/A,N/A,100.0,5.29,45.0,37.5,80.0,84.4,N/A,N/A,N/A,N/A,N/A,N/A,N/A,N/A,N/A,N/A,N/A,N/A,N/A,N/A,61.0,3.53,100.0,0.0,N/A,N/A,N/A,N/A,0.0,N/A,N/A,0.0,N/A,N/A,95.0,70.0,75.0,2.65,95.0,36.0,0.88,121.76,100.0,0.0,41.0,0.02,N/A,N/A,N/A,N/A,N/A,N/A
Lewis Mayo,8597,Center Back,506,24,€300K,Premiership,89.0,4.98,27.0,25.26,N/A,N/A,57.0,93.0,79.31,4.09,0.0,0.0,N/A,N/A,68.0,0.36,N/A,N/A,N/A,N/A,41.0,0.18,20.0,0.71,75.0,0.36,100.0,100.0,48.0,68.0,66.67,6.05,N/A,N/A,73.0,1.07,41.0,0.53,0.0,N/A,N/A,0.0,N/A,N/A,N/A,N/A,52.0,1.25,82.0,52.83,16.0,68.93,N/A,N/A,5.0,0.18,N/A,N/A,N/A,N/A,N/A,N/A,N/A,N/A,N/A,N/A,14.0,2.31,100.0,0.0,N/A,N/A,N/A,N/A,23.0,N/A,N/A,0.18,N/A,N/A,27.0,48.0,66.67,0.71,34.0,16.0,0.36,54.78,34.0,0.18,18.0,0.01,25.0,25.0,0.02,0.02,N/A,N/A
Lewis Miller,10251,Right Back,521,24,€550K,Premiership,68.0,2.59,32.0,22.63,N/A,N/A,94.0,87.0,62.16,3.97,0.0,0.0,68.0,0.35,71.0,1.04,N/A,N/A,32.0,15.38,0.0,1.9,52.0,0.52,94.0,1.73,55.0,45.45,100.0,71.0,59.05,10.71,N/A,N/A,23.0,0.52,100.0,3.11,0.0,N/A,N/A,0.0,N/A,N/A,N/A,N/A,90.0,1.9,74.0,48.39,19.0,67.88,N/A,N/A,N/A,N/A,N/A,N/A,N/A,N/A,N/A,N/A,N/A,N/A,N/A,N/A,61.0,4.66,0.0,0.0,N/A,N/A,N/A,N/A,32.0,N/A,N/A,0.52,26.0,0.35,81.0,90.0,90.91,1.73,68.0,84.0,2.76,71.34,32.0,0.35,32.0,0.05,23.0,23.0,0.01,0.01,N/A,N/A
Lewis Neilson,8467,Center Back,720,21,€550K,Premiership,34.0,2.38,43.0,29.12,N/A,N/A,14.0,14.0,46.15,1.5,0.0,0.0,59.0,0.12,70.0,0.38,N/A,N/A,N/A,N/A,18.0,0.38,11.0,0.88,95.0,0.75,100.0,100.0,14.0,18.0,53.45,3.88,N/A,N/A,18.0,0.5,20.0,0.25,0.0,N/A,N/A,0.0,N/A,N/A,N/A,N/A,41.0,1.0,36.0,33.93,36.0,74.68,N/A,N/A,N/A,N/A,N/A,N/A,N/A,N/A,N/A,N/A,N/A,N/A,86.0,0.12,80.0,3.88,100.0,0.0,N/A,N/A,N/A,N/A,41.0,N/A,N/A,0.5,N/A,N/A,11.0,5.0,27.27,0.38,39.0,34.0,0.88,55.88,57.0,0.12,45.0,0.03,52.0,52.0,0.04,0.04,N/A,N/A
Liam Donnelly,8597,Central Midfielder,228,28,€350K,Premiership,97.0,5.53,48.0,25.66,N/A,N/A,88.0,50.0,50.0,2.76,0.0,0.0,89.0,0.79,N/A,N/A,N/A,N/A,N/A,N/A,53.0,0.79,53.0,0.79,25.0,0.39,12.0,25.0,83.0,25.0,46.51,7.89,N/A,N/A,100.0,3.95,86.0,1.97,0.0,N/A,N/A,0.0,N/A,N/A,N/A,N/A,92.0,1.97,89.0,63.64,66.0,80.25,N/A,N/A,N/A,N/A,N/A,N/A,N/A,N/A,N/A,N/A,N/A,N/A,N/A,N/A,23.0,3.55,100.0,0.0,N/A,N/A,N/A,N/A,92.0,94.0,1.18,2.37,N/A,N/A,73.0,45.0,62.5,1.97,48.0,55.0,1.18,56.45,31.0,0.39,3.0,0.02,72.0,73.0,0.1,0.1,75.0,0.13
Liam Gordon,9927,Center Back,630,28,€550K,Premiership,45.0,2.71,18.0,22.0,N/A,N/A,89.0,89.0,75.0,6.43,0.0,0.0,66.0,0.14,30.0,0.14,N/A,N/A,N/A,N/A,50.0,0.14,55.0,0.29,N/A,N/A,N/A,N/A,73.0,89.0,69.74,7.57,N/A,N/A,39.0,0.71,N/A,N/A,0.0,N/A,N/A,0.0,N/A,N/A,N/A,N/A,73.0,1.57,41.0,35.19,23.0,70.32,N/A,N/A,N/A,N/A,N/A,N/A,N/A,N/A,N/A,N/A,N/A,N/A,89.0,0.14,32.0,2.57,100.0,0.0,N/A,N/A,N/A,N/A,91.0,93.0,0.57,1.14,N/A,N/A,30.0,45.0,62.5,0.71,14.0,66.0,1.57,44.43,100.0,0.0,2.0,0.0,75.0,75.0,0.07,0.07,80.0,0.12
Liam Polworth,8597,Central Midfielder,349,30,€380K,Premiership,86.0,3.35,69.0,35.33,N/A,N/A,12.0,50.0,50.0,0.52,0.0,0.0,38.0,0.26,48.0,1.03,N/A,N/A,N/A,N/A,55.0,0.77,55.0,0.77,55.0,0.77,62.0,60.0,45.0,78.0,61.29,4.9,N/A,N/A,16.0,0.52,64.0,1.55,0.0,N/A,N/A,0.0,N/A,N/A,N/A,N/A,N/A,N/A,61.0,44.83,31.0,74.46,N/A,N/A,N/A,N/A,N/A,N/A,N/A,N/A,N/A,N/A,N/A,N/A,36.0,0.26,70.0,5.42,100.0,0.0,N/A,N/A,N/A,N/A,19.0,N/A,N/A,0.52,N/A,N/A,52.0,45.0,62.5,1.29,69.0,12.0,0.26,62.92,48.0,0.26,53.0,0.09,12.0,12.0,0.01,0.01,N/A,N/A
Liam Scales,9925,Center Back,630,26,€2.5M,Premiership,55.0,3.0,100.0,108.14,N/A,N/A,82.0,91.0,77.78,6.0,0.0,0.0,66.0,0.14,52.0,0.29,N/A,N/A,N/A,N/A,100.0,0.0,55.0,0.29,66.0,0.29,59.0,66.67,84.0,100.0,77.22,8.71,N/A,N/A,23.0,0.57,91.0,1.29,82.0,N/A,N/A,0.14,N/A,N/A,N/A,N/A,32.0,0.86,89.0,60.0,89.0,91.2,N/A,N/A,11.0,0.14,N/A,N/A,N/A,N/A,N/A,N/A,N/A,N/A,N/A,N/A,84.0,4.14,100.0,0.0,N/A,N/A,N/A,N/A,57.0,77.0,0.29,0.71,N/A,N/A,43.0,36.0,60.0,0.86,100.0,25.0,0.71,131.86,45.0,0.14,77.0,0.05,50.0,50.0,0.04,0.04,68.0,0.07
Louis Moult,9938,Striker,190,32,€220K,Premiership,51.0,0.95,35.0,16.58,N/A,N/A,92.0,54.0,30.0,2.84,0.0,0.0,35.0,0.47,57.0,1.42,N/A,N/A,89.0,50.0,41.0,1.42,N/A,N/A,N/A,N/A,N/A,N/A,49.0,11.0,25.64,4.74,N/A,N/A,100.0,3.32,43.0,0.95,76.0,N/A,N/A,0.47,N/A,N/A,N/A,N/A,N/A,N/A,43.0,50.0,3.0,58.33,N/A,N/A,N/A,N/A,N/A,N/A,N/A,N/A,N/A,N/A,N/A,N/A,51.0,0.47,92.0,5.68,100.0,0.0,N/A,N/A,N/A,N/A,51.0,38.0,0.47,2.37,43.0,0.47,32.0,27.0,50.0,0.47,51.0,92.0,7.58,49.26,11.0,0.47,59.0,0.21,78.0,78.0,0.5,0.5,73.0,0.46
Luca Stephenson,9938,Right Midfielder,430,21,€300K,Premiership,26.0,1.47,19.0,17.79,N/A,N/A,77.0,77.0,56.25,1.88,90.0,0.42,42.0,0.21,42.0,0.63,N/A,N/A,32.0,15.38,81.0,0.21,58.0,0.42,23.0,0.21,23.0,25.0,71.0,90.0,62.0,6.49,N/A,N/A,84.0,1.47,84.0,1.67,87.0,N/A,N/A,0.21,N/A,N/A,N/A,N/A,16.0,0.63,45.0,35.0,13.0,62.96,100.0,0.21,N/A,N/A,N/A,N/A,N/A,N/A,N/A,N/A,N/A,N/A,87.0,0.63,52.0,4.19,0.0,0.0,N/A,N/A,N/A,N/A,81.0,94.0,0.63,1.05,32.0,0.42,68.0,42.0,61.54,1.67,10.0,100.0,3.35,47.09,55.0,0.21,77.0,0.17,100.0,100.0,0.18,0.18,100.0,0.27
Luke McCowan,9925,Central Midfielder,337,26,€1.3M,Premiership,77.0,2.67,75.0,39.26,N/A,N/A,44.0,50.0,50.0,1.07,81.0,0.27,41.0,0.27,64.0,1.34,N/A,N/A,66.0,26.67,52.0,0.8,44.0,1.07,58.0,0.8,34.0,42.86,70.0,86.0,62.5,6.68,N/A,N/A,0.0,0.27,91.0,2.14,100.0,N/A,N/A,0.8,N/A,N/A,N/A,N/A,91.0,1.87,48.0,41.67,47.0,76.56,N/A,N/A,N/A,N/A,100.0,N/A,N/A,N/A,N/A,0.53,N/A,N/A,78.0,0.53,100.0,10.68,100.0,0.0,N/A,N/A,N/A,N/A,95.0,95.0,1.34,2.67,75.0,1.07,23.0,6.0,30.0,0.8,86.0,72.0,1.87,75.58,100.0,0.0,61.0,0.11,100.0,78.0,0.11,0.54,100.0,0.67
Lyall Cameron,8284,Central Midfielder,613,22,€400K,Premiership,83.0,3.08,66.0,30.83,N/A,N/A,42.0,36.0,41.18,1.03,91.0,0.44,27.0,0.15,91.0,2.2,N/A,N/A,64.0,25.93,25.0,1.32,36.0,1.17,44.0,0.59,27.0,40.0,19.0,14.0,42.86,3.96,N/A,N/A,12.0,0.44,41.0,0.88,0.0,N/A,N/A,0.0,N/A,N/A,N/A,N/A,42.0,0.59,56.0,43.75,41.0,76.09,N/A,N/A,N/A,N/A,N/A,N/A,N/A,N/A,N/A,N/A,N/A,N/A,92.0,0.73,47.0,4.55,100.0,0.0,N/A,N/A,N/A,N/A,67.0,78.0,0.59,1.32,73.0,1.03,22.0,17.0,50.0,0.73,59.0,70.0,1.76,59.02,100.0,0.0,80.0,0.17,66.0,67.0,0.08,0.08,73.0,0.12
Mackenzie Kirk,8467,Striker,279,20,N/A,Premiership,88.0,0.97,72.0,14.19,N/A,N/A,66.0,66.0,43.48,3.23,91.0,0.32,28.0,0.32,59.0,0.97,N/A,N/A,78.0,25.0,66.0,0.97,19.0,0.65,88.0,1.29,81.0,66.67,62.0,81.0,45.65,6.77,N/A,N/A,72.0,1.94,53.0,1.29,0.0,N/A,N/A,0.0,N/A,N/A,N/A,N/A,N/A,N/A,81.0,60.0,19.0,62.86,N/A,N/A,N/A,N/A,N/A,N/A,N/A,N/A,N/A,N/A,N/A,N/A,44.0,0.32,81.0,3.23,100.0,0.0,N/A,N/A,N/A,N/A,25.0,59.0,0.97,1.61,84.0,0.32,91.0,69.0,75.0,0.97,62.0,6.0,2.58,36.45,9.0,0.32,53.0,0.04,22.0,28.0,0.15,0.15,50.0,0.24
Malachi Boateng,9860,Central Midfielder,499,22,€400K,Premiership,59.0,1.98,83.0,44.01,N/A,N/A,86.0,73.0,63.64,2.53,75.0,0.18,58.0,0.36,17.0,0.36,N/A,N/A,89.0,50.0,44.0,0.9,N/A,N/A,39.0,0.54,84.0,75.0,67.0,100.0,68.63,6.31,N/A,N/A,5.0,0.36,42.0,0.9,0.0,N/A,N/A,0.0,N/A,N/A,N/A,N/A,95.0,2.53,64.0,47.83,56.0,78.96,N/A,N/A,N/A,N/A,N/A,N/A,N/A,N/A,N/A,N/A,N/A,N/A,28.0,0.18,84.0,6.13,100.0,0.0,N/A,N/A,N/A,N/A,38.0,N/A,N/A,0.72,34.0,0.18,75.0,81.0,84.62,1.98,80.0,39.0,0.9,71.6,100.0,0.0,66.0,0.11,19.0,19.0,0.02,0.02,N/A,N/A
Marcus Fraser,9800,Center Back,720,30,€400K,Premiership,27.0,2.25,45.0,30.25,N/A,N/A,5.0,30.0,56.25,1.12,91.0,0.12,59.0,0.12,95.0,1.25,N/A,N/A,84.0,50.0,52.0,0.12,68.0,0.25,N/A,N/A,N/A,N/A,5.0,52.0,64.1,3.12,N/A,N/A,11.0,0.38,66.0,0.88,0.0,N/A,N/A,0.0,N/A,N/A,N/A,N/A,41.0,1.0,20.0,32.14,50.0,76.34,N/A,N/A,18.0,0.12,N/A,N/A,N/A,N/A,N/A,N/A,N/A,N/A,N/A,N/A,45.0,2.88,100.0,0.0,N/A,N/A,N/A,N/A,27.0,59.0,0.12,0.25,100.0,1.0,34.0,48.0,66.67,0.75,50.0,18.0,0.5,59.0,57.0,0.12,95.0,0.13,66.0,66.0,0.06,0.06,66.0,0.06
Mark O'Hara,9800,Central Midfielder,526,28,€520K,Premiership,69.0,2.22,52.0,26.35,N/A,N/A,61.0,27.0,38.1,1.37,0.0,0.0,67.0,0.51,70.0,1.37,N/A,N/A,81.0,38.89,58.0,0.68,52.0,0.86,38.0,0.51,100.0,100.0,14.0,19.0,44.9,3.76,N/A,N/A,50.0,1.2,27.0,0.68,80.0,N/A,N/A,0.17,N/A,N/A,N/A,N/A,45.0,0.68,67.0,50.0,34.0,75.12,N/A,N/A,N/A,N/A,95.0,N/A,N/A,N/A,N/A,0.17,N/A,N/A,23.0,0.17,44.0,4.45,100.0,0.0,N/A,N/A,N/A,N/A,53.0,59.0,0.34,1.03,78.0,1.2,19.0,34.0,57.14,0.68,33.0,58.0,1.37,48.94,58.0,0.17,56.0,0.1,94.0,31.0,0.02,0.29,88.0,0.25
Marley Watkins,8597,Striker,366,33,€250K,Premiership,66.0,0.49,34.0,10.08,N/A,N/A,47.0,38.0,37.04,2.46,0.0,0.0,41.0,0.49,78.0,1.23,N/A,N/A,N/A,N/A,59.0,1.23,N/A,N/A,78.0,0.98,41.0,30.77,41.0,31.0,33.33,4.43,N/A,N/A,41.0,1.23,28.0,0.74,69.0,N/A,N/A,0.49,N/A,N/A,N/A,N/A,N/A,N/A,100.0,100.0,78.0,75.93,N/A,N/A,N/A,N/A,N/A,N/A,N/A,N/A,N/A,N/A,N/A,N/A,75.0,0.74,59.0,2.46,100.0,0.0,N/A,N/A,N/A,N/A,34.0,44.0,0.74,1.72,N/A,N/A,47.0,100.0,100.0,0.25,19.0,31.0,3.44,28.52,100.0,0.0,56.0,0.04,78.0,81.0,0.54,0.54,75.0,0.5
Martin Boyle,10251,Right Winger,372,31,€2.2M,Premiership,14.0,0.24,0.0,5.56,N/A,N/A,43.0,35.0,20.0,0.48,70.0,0.24,68.0,0.97,3.0,0.24,N/A,N/A,35.0,13.04,70.0,0.97,78.0,0.48,22.0,0.73,11.0,23.08,14.0,16.0,27.78,2.42,N/A,N/A,27.0,0.48,49.0,0.97,78.0,N/A,N/A,0.48,N/A,N/A,N/A,N/A,30.0,0.24,16.0,20.0,0.0,54.76,N/A,N/A,N/A,N/A,N/A,N/A,N/A,N/A,N/A,N/A,N/A,N/A,57.0,0.48,38.0,3.39,100.0,0.0,N/A,N/A,N/A,N/A,76.0,73.0,0.97,2.9,62.0,0.73,N/A,N/A,N/A,N/A,0.0,32.0,3.15,28.79,24.0,0.24,30.0,0.08,65.0,68.0,0.27,0.27,76.0,0.47
Marvin Ekpiteta,10251,Center Back,630,29,€750K,Premiership,82.0,4.14,41.0,28.71,N/A,N/A,55.0,41.0,60.0,3.86,0.0,0.0,N/A,N/A,N/A,N/A,N/A,N/A,N/A,N/A,100.0,0.0,75.0,0.14,41.0,0.14,100.0,100.0,45.0,50.0,62.69,6.0,N/A,N/A,75.0,1.14,55.0,0.71,0.0,N/A,N/A,0.0,N/A,N/A,N/A,N/A,41.0,1.0,73.0,48.33,39.0,74.72,N/A,N/A,N/A,N/A,N/A,N/A,N/A,N/A,N/A,N/A,N/A,N/A,N/A,N/A,75.0,3.71,100.0,0.0,N/A,N/A,N/A,N/A,57.0,N/A,N/A,0.71,N/A,N/A,30.0,27.0,55.56,0.71,25.0,73.0,1.86,51.86,45.0,0.14,39.0,0.02,89.0,89.0,0.09,0.09,N/A,N/A
Matt Smith,8467,Central Midfielder,696,24,€440K,Premiership,58.0,1.94,34.0,21.98,N/A,N/A,6.0,78.0,66.67,0.26,0.0,0.0,39.0,0.26,55.0,1.16,N/A,N/A,39.0,13.79,30.0,1.29,83.0,0.39,83.0,1.42,75.0,68.75,6.0,61.0,54.17,3.36,N/A,N/A,6.0,0.39,36.0,0.78,0.0,N/A,N/A,0.0,N/A,N/A,N/A,N/A,72.0,1.42,66.0,48.39,33.0,74.56,N/A,N/A,N/A,N/A,N/A,N/A,N/A,N/A,N/A,N/A,N/A,N/A,89.0,0.65,69.0,5.3,100.0,0.0,N/A,N/A,N/A,N/A,64.0,66.0,0.39,1.29,58.0,0.52,16.0,64.0,71.43,0.65,31.0,45.0,1.03,48.75,47.0,0.26,69.0,0.13,45.0,47.0,0.04,0.04,47.0,0.03
Matthew Kennedy,8597,Left Midfielder,522,29,€450K,Premiership,42.0,1.38,22.0,19.66,N/A,N/A,14.0,6.0,20.0,0.52,73.0,0.17,30.0,0.17,94.0,3.45,N/A,N/A,67.0,27.27,6.0,1.9,33.0,1.21,89.0,1.55,42.0,50.0,42.0,6.0,40.0,4.83,N/A,N/A,33.0,0.86,89.0,2.07,88.0,N/A,N/A,0.34,N/A,N/A,N/A,N/A,30.0,0.52,38.0,36.36,53.0,78.62,N/A,N/A,N/A,N/A,N/A,N/A,N/A,N/A,N/A,N/A,N/A,N/A,95.0,0.86,38.0,4.14,100.0,0.0,N/A,N/A,N/A,N/A,61.0,69.0,0.52,1.21,97.0,2.59,20.0,78.0,80.0,0.69,42.0,80.0,2.24,52.76,38.0,0.34,97.0,0.33,86.0,91.0,0.2,0.2,80.0,0.18
Michee Efete,8649,Right Back,320,27,€180K,Premiership,6.0,0.56,6.0,11.81,N/A,N/A,81.0,58.0,50.0,2.25,0.0,0.0,87.0,0.56,26.0,0.28,N/A,N/A,N/A,N/A,39.0,0.84,N/A,N/A,65.0,0.84,68.0,60.0,94.0,87.0,61.9,7.31,N/A,N/A,39.0,0.84,90.0,1.97,0.0,N/A,N/A,0.0,N/A,N/A,N/A,N/A,3.0,0.28,6.0,16.67,6.0,56.76,N/A,N/A,N/A,N/A,N/A,N/A,N/A,N/A,N/A,N/A,N/A,N/A,61.0,0.28,10.0,1.97,0.0,0.0,N/A,N/A,N/A,N/A,100.0,87.0,0.56,1.69,N/A,N/A,58.0,45.0,62.5,1.41,19.0,65.0,2.25,52.31,42.0,0.28,13.0,0.03,84.0,84.0,0.1,0.1,61.0,0.03
Mikael Mandron,9800,Striker,351,30,€200K,Premiership,72.0,0.51,69.0,14.1,N/A,N/A,84.0,75.0,55.0,5.64,0.0,0.0,N/A,N/A,81.0,1.28,N/A,N/A,N/A,N/A,28.0,2.05,66.0,0.26,44.0,0.51,34.0,28.57,78.0,91.0,47.3,8.97,N/A,N/A,81.0,2.05,41.0,1.03,53.0,N/A,N/A,0.26,N/A,N/A,N/A,N/A,75.0,0.26,72.0,50.0,34.0,64.71,N/A,N/A,N/A,N/A,N/A,N/A,N/A,N/A,N/A,N/A,N/A,N/A,N/A,N/A,69.0,2.82,100.0,0.0,N/A,N/A,N/A,N/A,38.0,81.0,1.54,1.79,N/A,N/A,88.0,50.0,42.86,0.77,94.0,47.0,4.1,42.56,19.0,0.26,66.0,0.05,25.0,31.0,0.16,0.16,38.0,0.18
Miller Thomson,9938,Right Back,211,20,€30K,Premiership,70.0,1.28,14.0,12.8,N/A,N/A,N/A,N/A,N/A,N/A,0.0,0.0,24.0,0.43,76.0,2.13,N/A,N/A,N/A,N/A,27.0,1.71,89.0,0.43,54.0,1.28,46.0,50.0,35.0,57.0,43.48,4.27,N/A,N/A,22.0,0.43,N/A,N/A,70.0,N/A,N/A,0.43,N/A,N/A,N/A,N/A,N/A,N/A,62.0,60.0,5.0,66.67,N/A,N/A,N/A,N/A,N/A,N/A,N/A,N/A,N/A,N/A,N/A,N/A,N/A,N/A,0.0,1.71,100.0,0.0,N/A,N/A,N/A,N/A,41.0,78.0,1.28,2.13,N/A,N/A,92.0,89.0,85.71,2.56,19.0,78.0,6.4,37.54,14.0,0.43,43.0,0.11,81.0,81.0,0.54,0.54,78.0,0.53
Mohamad Sylla,8284,Central Midfielder,538,30,N/A,Premiership,20.0,0.67,19.0,18.9,N/A,N/A,81.0,70.0,59.09,2.17,0.0,0.0,52.0,0.33,19.0,0.5,N/A,N/A,N/A,N/A,23.0,1.34,77.0,0.5,22.0,0.33,42.0,50.0,84.0,81.0,61.54,8.03,N/A,N/A,72.0,1.84,70.0,1.67,0.0,N/A,N/A,0.0,N/A,N/A,N/A,N/A,69.0,1.34,17.0,22.22,27.0,73.38,N/A,N/A,N/A,N/A,N/A,N/A,N/A,N/A,N/A,N/A,N/A,N/A,72.0,0.5,62.0,5.19,5.0,0.17,N/A,N/A,N/A,N/A,16.0,N/A,N/A,0.33,N/A,N/A,83.0,33.0,56.52,2.17,16.0,27.0,0.5,42.66,100.0,0.0,22.0,0.04,16.0,16.0,0.01,0.01,N/A,N/A
Mohamed Diomande,8548,Defensive Midfielder,393,22,€3.8M,Premiership,48.0,1.6,81.0,40.99,N/A,N/A,25.0,14.0,33.33,0.69,92.0,0.46,80.0,0.69,77.0,1.6,N/A,N/A,95.0,60.0,17.0,1.6,61.0,0.69,91.0,1.6,77.0,70.0,66.0,39.0,49.09,6.18,N/A,N/A,86.0,2.06,92.0,2.29,0.0,N/A,N/A,0.0,N/A,N/A,N/A,N/A,12.0,0.23,44.0,38.89,86.0,84.04,N/A,N/A,N/A,N/A,N/A,N/A,N/A,N/A,N/A,N/A,N/A,N/A,33.0,0.23,34.0,4.12,100.0,0.0,N/A,N/A,N/A,N/A,72.0,44.0,0.23,1.6,64.0,0.69,42.0,45.0,62.5,1.15,75.0,81.0,2.52,66.41,28.0,0.46,86.0,0.22,78.0,81.0,0.13,0.13,41.0,0.0
Moses Ebiye,9927,Striker,199,27,€300K,Premiership,24.0,0.45,30.0,14.92,N/A,N/A,86.0,30.0,18.52,2.26,0.0,0.0,N/A,N/A,27.0,0.9,N/A,N/A,N/A,N/A,11.0,2.26,84.0,0.45,32.0,0.9,100.0,100.0,41.0,8.0,24.39,4.52,N/A,N/A,59.0,1.36,30.0,0.45,92.0,N/A,N/A,0.9,N/A,N/A,N/A,N/A,92.0,1.36,27.0,33.33,78.0,80.49,N/A,N/A,N/A,N/A,N/A,N/A,N/A,N/A,N/A,N/A,N/A,N/A,100.0,2.71,95.0,6.78,100.0,0.0,N/A,N/A,N/A,N/A,81.0,100.0,1.81,3.17,N/A,N/A,30.0,27.0,50.0,0.45,22.0,73.0,5.88,37.54,100.0,0.0,5.0,0.03,100.0,100.0,0.99,0.99,100.0,1.36
Mykola Kukharevych,10251,Striker,461,23,€1.6M,Premiership,N/A,N/A,25.0,8.79,N/A,N/A,53.0,22.0,31.37,3.12,0.0,0.0,78.0,0.98,19.0,0.2,N/A,N/A,N/A,N/A,69.0,0.78,9.0,0.78,47.0,0.59,38.0,30.0,59.0,38.0,35.63,6.05,N/A,N/A,62.0,1.56,38.0,0.98,50.0,N/A,N/A,0.2,N/A,N/A,N/A,N/A,62.0,0.2,N/A,N/A,81.0,77.59,N/A,N/A,N/A,N/A,N/A,N/A,N/A,N/A,N/A,N/A,N/A,N/A,34.0,0.2,22.0,1.76,100.0,0.0,N/A,N/A,N/A,N/A,75.0,72.0,1.37,3.32,N/A,N/A,94.0,100.0,100.0,1.37,22.0,59.0,5.08,28.7,25.0,0.2,38.0,0.03,72.0,59.0,0.33,0.48,59.0,0.33
Nathan Moriah-Welsh,10251,Defensive Midfielder,112,22,€200K,Premiership,70.0,2.41,31.0,21.7,N/A,N/A,N/A,N/A,N/A,N/A,0.0,0.0,N/A,N/A,N/A,N/A,N/A,N/A,89.0,50.0,50.0,0.8,6.0,2.41,N/A,N/A,N/A,N/A,N/A,N/A,N/A,N/A,N/A,N/A,97.0,3.21,N/A,N/A,0.0,N/A,N/A,0.0,N/A,N/A,N/A,N/A,N/A,N/A,55.0,42.86,58.0,79.41,N/A,N/A,N/A,N/A,N/A,N/A,N/A,N/A,N/A,N/A,N/A,N/A,N/A,N/A,28.0,4.02,100.0,0.0,N/A,N/A,N/A,N/A,0.0,N/A,N/A,0.0,66.0,0.8,N/A,N/A,N/A,N/A,6.0,N/A,N/A,38.57,8.0,0.8,16.0,0.03,N/A,N/A,N/A,N/A,N/A,N/A
Nicky Clark,8467,Striker,401,33,€400K,Premiership,62.0,0.45,94.0,15.71,N/A,N/A,41.0,25.0,33.33,2.24,0.0,0.0,25.0,0.22,28.0,0.45,N/A,N/A,N/A,N/A,50.0,1.57,N/A,N/A,25.0,0.22,25.0,14.29,25.0,28.0,32.69,3.82,N/A,N/A,0.0,0.45,56.0,1.35,66.0,N/A,N/A,0.45,N/A,N/A,N/A,N/A,N/A,N/A,50.0,22.22,47.0,67.96,N/A,N/A,N/A,N/A,N/A,N/A,N/A,N/A,N/A,N/A,N/A,N/A,38.0,0.22,88.0,3.59,100.0,0.0,N/A,N/A,N/A,N/A,12.0,41.0,0.67,1.35,N/A,N/A,44.0,100.0,100.0,0.22,69.0,0.0,1.35,37.48,100.0,0.0,6.0,0.01,16.0,19.0,0.09,0.09,41.0,0.2
Nicky Devlin,8485,Right Back,629,30,€600K,Premiership,16.0,1.29,52.0,27.47,N/A,N/A,71.0,52.0,40.74,1.57,0.0,0.0,58.0,0.29,10.0,0.14,N/A,N/A,N/A,N/A,71.0,0.29,74.0,0.29,32.0,0.43,45.0,37.5,42.0,45.0,51.52,4.86,N/A,N/A,65.0,1.14,68.0,1.43,90.0,N/A,N/A,0.29,N/A,N/A,N/A,N/A,10.0,0.57,19.0,23.68,58.0,76.19,N/A,N/A,6.0,0.14,N/A,N/A,N/A,N/A,N/A,N/A,N/A,N/A,42.0,0.14,23.0,3.15,0.0,0.0,N/A,N/A,N/A,N/A,45.0,77.0,0.43,0.72,N/A,N/A,26.0,26.0,50.0,0.72,32.0,32.0,1.0,59.38,65.0,0.14,29.0,0.05,68.0,68.0,0.06,0.06,90.0,0.21
Nicolas Raskin,8548,Defensive Midfielder,162,23,€7.5M,Premiership,34.0,1.11,92.0,51.11,N/A,N/A,89.0,61.0,55.56,2.78,0.0,0.0,N/A,N/A,23.0,0.56,N/A,N/A,N/A,N/A,67.0,0.56,39.0,1.11,97.0,2.78,89.0,83.33,100.0,86.0,62.5,11.11,N/A,N/A,91.0,2.22,N/A,N/A,0.0,N/A,N/A,0.0,N/A,N/A,N/A,N/A,83.0,1.67,30.0,33.33,94.0,88.46,N/A,N/A,N/A,N/A,N/A,N/A,N/A,N/A,N/A,N/A,N/A,N/A,83.0,0.56,42.0,4.44,100.0,0.0,N/A,N/A,N/A,N/A,56.0,N/A,N/A,1.11,N/A,N/A,86.0,14.0,40.0,2.22,91.0,N/A,N/A,76.11,2.0,1.11,20.0,0.04,20.0,20.0,0.02,0.02,N/A,N/A
Nicolas-Gerrit Kühn,9925,Right Winger,468,24,€2.8M,Premiership,76.0,1.35,81.0,28.85,N/A,N/A,22.0,51.0,28.57,0.38,89.0,0.77,81.0,1.35,86.0,2.69,N/A,N/A,32.0,11.11,59.0,1.15,68.0,0.58,92.0,2.69,76.0,60.87,86.0,86.0,53.12,6.54,N/A,N/A,65.0,1.54,35.0,0.58,84.0,N/A,N/A,0.58,N/A,N/A,N/A,N/A,41.0,0.38,81.0,70.0,46.0,74.26,N/A,N/A,N/A,N/A,N/A,N/A,N/A,N/A,N/A,N/A,N/A,N/A,70.0,0.58,41.0,3.46,100.0,0.0,N/A,N/A,N/A,N/A,92.0,92.0,1.54,3.46,27.0,0.19,81.0,49.0,60.0,1.73,78.0,100.0,9.04,59.81,0.0,0.58,81.0,0.29,89.0,89.0,0.69,0.69,89.0,0.76
Noah Chilvers,8649,Attacking Midfielder,344,23,€400K,Premiership,47.0,1.57,28.0,20.41,N/A,N/A,30.0,14.0,33.33,0.78,80.0,0.26,88.0,0.78,73.0,1.57,N/A,N/A,86.0,44.44,2.0,2.88,17.0,1.83,94.0,2.35,41.0,47.37,77.0,8.0,41.18,7.33,N/A,N/A,70.0,1.83,19.0,0.52,0.0,N/A,N/A,0.0,N/A,N/A,N/A,N/A,48.0,0.78,25.0,30.0,14.0,66.1,N/A,N/A,N/A,N/A,N/A,N/A,N/A,N/A,N/A,N/A,N/A,N/A,77.0,0.52,81.0,6.02,100.0,0.0,N/A,N/A,N/A,N/A,91.0,70.0,0.52,2.35,95.0,2.09,89.0,64.0,71.43,2.62,55.0,64.0,1.57,58.6,45.0,0.26,72.0,0.13,64.0,66.0,0.08,0.08,44.0,0.01
Pape Habib Gueye,8485,Right Winger,328,25,€950K,Premiership,32.0,0.55,41.0,18.66,N/A,N/A,100.0,84.0,51.61,4.39,0.0,0.0,43.0,0.55,46.0,1.1,N/A,N/A,N/A,N/A,46.0,1.37,92.0,0.27,62.0,1.37,35.0,38.46,100.0,78.0,50.72,9.6,N/A,N/A,95.0,2.47,92.0,2.2,100.0,N/A,N/A,1.37,N/A,N/A,N/A,N/A,78.0,0.82,70.0,66.67,30.0,71.58,N/A,N/A,N/A,N/A,N/A,N/A,N/A,N/A,N/A,N/A,N/A,N/A,68.0,0.55,35.0,3.29,100.0,0.0,N/A,N/A,N/A,N/A,57.0,84.0,1.37,2.47,N/A,N/A,51.0,24.0,42.86,0.82,62.0,59.0,4.94,51.31,16.0,0.27,22.0,0.06,95.0,95.0,0.87,0.87,95.0,1.17
Paul McGinn,9927,Center Back,543,33,€300K,Premiership,25.0,2.15,30.0,25.69,N/A,N/A,7.0,5.0,34.78,1.33,0.0,0.0,N/A,N/A,34.0,0.17,N/A,N/A,75.0,33.33,7.0,0.66,27.0,0.66,89.0,0.66,59.0,66.67,16.0,9.0,49.06,4.31,N/A,N/A,9.0,0.33,73.0,0.99,84.0,N/A,N/A,0.17,N/A,N/A,N/A,N/A,30.0,0.83,25.0,32.5,41.0,74.88,N/A,N/A,N/A,N/A,N/A,N/A,N/A,N/A,N/A,N/A,N/A,N/A,N/A,N/A,77.0,3.81,100.0,0.0,N/A,N/A,N/A,N/A,32.0,66.0,0.17,0.33,89.0,0.33,23.0,9.0,50.0,0.66,20.0,39.0,0.99,50.39,39.0,0.17,91.0,0.09,39.0,39.0,0.03,0.03,77.0,0.12
Paulo Bernardo,9925,Central Midfielder,295,22,€3.5M,Premiership,38.0,1.22,88.0,47.9,N/A,N/A,69.0,61.0,55.56,1.53,86.0,0.31,75.0,0.61,95.0,3.66,N/A,N/A,69.0,28.57,3.0,2.14,47.0,0.92,88.0,1.53,69.0,62.5,89.0,67.0,57.14,8.54,N/A,N/A,64.0,1.53,61.0,1.53,86.0,N/A,N/A,0.31,N/A,N/A,N/A,N/A,55.0,0.92,45.0,40.0,77.0,83.07,N/A,N/A,N/A,N/A,N/A,N/A,N/A,N/A,N/A,N/A,N/A,N/A,97.0,1.53,94.0,7.32,100.0,0.0,N/A,N/A,N/A,N/A,62.0,80.0,0.61,1.22,91.0,1.83,94.0,64.0,71.43,3.05,94.0,94.0,3.97,82.07,100.0,0.0,94.0,0.31,73.0,75.0,0.11,0.11,89.0,0.25
Rabbi Matondo,8548,Left Winger,171,24,€3M,Premiership,62.0,1.05,49.0,21.05,N/A,N/A,49.0,73.0,50.0,0.53,100.0,1.05,41.0,0.53,59.0,1.58,N/A,N/A,100.0,100.0,30.0,1.58,19.0,1.58,100.0,3.68,41.0,38.89,81.0,35.0,36.67,5.79,N/A,N/A,35.0,0.53,54.0,1.05,95.0,N/A,N/A,1.05,N/A,N/A,N/A,N/A,89.0,1.05,70.0,66.67,92.0,88.89,N/A,N/A,N/A,N/A,N/A,N/A,N/A,N/A,N/A,N/A,N/A,N/A,62.0,0.53,70.0,4.74,100.0,0.0,N/A,N/A,N/A,N/A,95.0,95.0,1.58,3.68,49.0,0.53,N/A,N/A,N/A,N/A,59.0,70.0,5.79,51.05,100.0,0.0,89.0,0.41,86.0,86.0,0.6,0.6,92.0,0.99
Reo Hatate,9925,Central Midfielder,474,26,€10M,Premiership,75.0,2.66,86.0,46.9,N/A,N/A,28.0,28.0,40.0,0.76,0.0,0.0,86.0,0.76,89.0,2.09,N/A,N/A,84.0,42.86,12.0,1.71,58.0,0.76,69.0,0.95,100.0,100.0,25.0,28.0,46.81,4.18,N/A,N/A,48.0,1.14,55.0,1.33,91.0,N/A,N/A,0.38,N/A,N/A,N/A,N/A,36.0,0.57,86.0,60.87,64.0,80.19,N/A,N/A,N/A,N/A,N/A,N/A,N/A,N/A,N/A,N/A,N/A,N/A,84.0,0.57,48.0,4.56,100.0,0.0,N/A,N/A,N/A,N/A,97.0,86.0,0.76,3.42,59.0,0.57,6.0,8.0,33.33,0.38,89.0,95.0,4.56,75.95,100.0,0.0,88.0,0.24,95.0,100.0,0.32,0.32,86.0,0.23
Richard Taylor,9800,Center Back,550,24,€110K,Premiership,73.0,3.6,55.0,33.05,N/A,N/A,27.0,80.0,72.73,2.62,0.0,0.0,N/A,N/A,84.0,0.49,N/A,N/A,84.0,50.0,45.0,0.16,48.0,0.33,86.0,0.65,59.0,66.67,36.0,68.0,66.67,5.56,N/A,N/A,61.0,0.98,48.0,0.65,0.0,N/A,N/A,0.0,N/A,N/A,N/A,N/A,66.0,1.47,86.0,56.41,68.0,82.11,N/A,N/A,N/A,N/A,N/A,N/A,N/A,N/A,N/A,N/A,N/A,N/A,N/A,N/A,95.0,4.91,100.0,0.0,N/A,N/A,N/A,N/A,70.0,64.0,0.16,0.82,95.0,0.49,66.0,66.0,70.0,1.15,64.0,57.0,1.31,65.13,41.0,0.16,73.0,0.04,48.0,48.0,0.04,0.04,59.0,0.01
Robbie Deas,8597,Center Back,327,24,€360K,Premiership,84.0,4.68,57.0,34.13,N/A,N/A,86.0,77.0,71.88,6.33,0.0,0.0,91.0,0.55,50.0,0.28,N/A,N/A,N/A,N/A,25.0,0.28,16.0,0.83,N/A,N/A,N/A,N/A,89.0,77.0,67.35,9.08,N/A,N/A,52.0,0.83,45.0,0.55,0.0,N/A,N/A,0.0,N/A,N/A,N/A,N/A,7.0,0.28,66.0,45.95,25.0,71.26,N/A,N/A,N/A,N/A,N/A,N/A,N/A,N/A,N/A,N/A,N/A,N/A,N/A,N/A,23.0,2.48,100.0,0.0,N/A,N/A,N/A,N/A,73.0,N/A,N/A,0.83,N/A,N/A,64.0,9.0,50.0,1.1,61.0,68.0,1.65,64.13,30.0,0.28,16.0,0.01,86.0,86.0,0.09,0.09,N/A,N/A
Robin Propper,8548,Center Back,423,31,€2.8M,Premiership,64.0,3.19,91.0,82.55,N/A,N/A,64.0,61.0,66.67,4.26,0.0,0.0,80.0,0.21,43.0,0.21,N/A,N/A,N/A,N/A,16.0,0.43,14.0,0.85,61.0,0.21,41.0,50.0,75.0,59.0,64.29,7.66,N/A,N/A,30.0,0.64,89.0,1.28,0.0,N/A,N/A,0.0,N/A,N/A,N/A,N/A,14.0,0.64,75.0,50.0,91.0,91.51,N/A,N/A,N/A,N/A,N/A,N/A,N/A,N/A,N/A,N/A,N/A,N/A,N/A,N/A,30.0,2.55,100.0,0.0,N/A,N/A,N/A,N/A,75.0,N/A,N/A,0.85,N/A,N/A,84.0,77.0,77.78,1.49,89.0,61.0,1.49,102.34,9.0,0.43,20.0,0.01,80.0,80.0,0.08,0.08,N/A,N/A
Roland Idowu,9800,Central Midfielder,370,22,€175K,Premiership,28.0,0.97,8.0,16.05,N/A,N/A,27.0,22.0,37.5,0.73,0.0,0.0,83.0,0.73,47.0,0.97,N/A,N/A,47.0,16.67,14.0,1.7,5.0,2.43,84.0,1.46,34.0,42.86,80.0,23.0,46.38,7.78,N/A,N/A,77.0,1.95,72.0,1.7,83.0,N/A,N/A,0.24,N/A,N/A,N/A,N/A,25.0,0.49,59.0,44.44,59.0,79.52,N/A,N/A,N/A,N/A,N/A,N/A,N/A,N/A,N/A,N/A,N/A,N/A,34.0,0.24,59.0,5.11,100.0,0.0,N/A,N/A,N/A,N/A,81.0,84.0,0.73,1.95,53.0,0.49,84.0,31.0,56.25,2.19,25.0,89.0,2.92,46.95,52.0,0.24,45.0,0.07,84.0,88.0,0.16,0.16,81.0,0.19
Ronan Hale,8649,Striker,635,26,N/A,Premiership,75.0,0.57,22.0,8.65,N/A,N/A,6.0,6.0,20.83,0.71,0.0,0.0,62.0,0.85,12.0,0.14,N/A,N/A,N/A,N/A,56.0,1.28,47.0,0.43,81.0,0.99,50.0,35.0,19.0,16.0,29.58,2.98,N/A,N/A,16.0,0.85,31.0,0.85,78.0,N/A,N/A,0.57,N/A,N/A,N/A,N/A,N/A,N/A,72.0,50.0,75.0,74.39,84.0,0.14,N/A,N/A,84.0,N/A,N/A,N/A,N/A,0.14,N/A,N/A,91.0,0.99,66.0,2.69,100.0,0.0,N/A,N/A,N/A,N/A,81.0,91.0,1.84,3.83,N/A,N/A,50.0,66.0,66.67,0.28,16.0,12.0,2.69,26.79,16.0,0.28,12.0,0.01,66.0,47.0,0.24,0.46,81.0,0.61
Rory McKenzie,8597,Central Midfielder,123,31,€410K,Premiership,58.0,2.2,55.0,28.54,N/A,N/A,N/A,N/A,N/A,N/A,0.0,0.0,N/A,N/A,77.0,1.46,N/A,N/A,68.0,25.0,100.0,0.0,0.0,2.2,55.0,0.73,29.0,33.33,6.0,6.0,30.0,2.2,N/A,N/A,81.0,1.46,N/A,N/A,0.0,N/A,N/A,0.0,N/A,N/A,N/A,N/A,74.0,1.46,77.0,50.0,94.0,88.64,N/A,N/A,N/A,N/A,N/A,N/A,N/A,N/A,N/A,N/A,N/A,N/A,90.0,0.73,19.0,2.93,0.0,0.0,N/A,N/A,N/A,N/A,48.0,N/A,N/A,0.73,65.0,0.73,29.0,26.0,50.0,0.73,16.0,90.0,2.93,49.76,100.0,0.0,42.0,0.06,58.0,58.0,0.04,0.04,N/A,N/A
Ross Docherty,9938,Defensive Midfielder,256,31,€330K,Premiership,89.0,3.52,53.0,26.37,N/A,N/A,84.0,47.0,46.67,2.46,0.0,0.0,94.0,1.05,16.0,0.35,N/A,N/A,N/A,N/A,77.0,0.35,84.0,0.35,95.0,2.46,77.0,70.0,86.0,83.0,62.16,8.09,N/A,N/A,3.0,0.35,30.0,0.7,0.0,N/A,N/A,0.0,N/A,N/A,N/A,N/A,N/A,N/A,83.0,58.82,55.0,78.95,N/A,N/A,N/A,N/A,N/A,N/A,N/A,N/A,N/A,N/A,N/A,N/A,52.0,0.35,53.0,4.92,100.0,0.0,N/A,N/A,N/A,N/A,86.0,61.0,0.35,2.11,N/A,N/A,78.0,84.0,85.71,2.11,41.0,69.0,1.76,52.73,34.0,0.35,30.0,0.05,67.0,69.0,0.08,0.08,39.0,0.0
Ross Graham,9938,Center Back,507,23,€330K,Premiership,80.0,4.08,36.0,28.4,N/A,N/A,68.0,95.0,80.65,4.44,0.0,0.0,N/A,N/A,36.0,0.18,N/A,N/A,73.0,25.0,100.0,0.0,N/A,N/A,55.0,0.18,41.0,50.0,57.0,95.0,75.51,6.57,N/A,N/A,59.0,0.89,52.0,0.71,100.0,N/A,N/A,0.36,N/A,N/A,N/A,N/A,36.0,0.89,23.0,32.39,11.0,68.09,N/A,N/A,7.0,0.18,100.0,N/A,N/A,N/A,N/A,0.18,N/A,N/A,N/A,N/A,43.0,2.84,100.0,0.0,N/A,N/A,N/A,N/A,89.0,91.0,0.53,1.07,80.0,0.18,25.0,32.0,57.14,0.71,73.0,52.0,1.24,67.63,5.0,0.53,84.0,0.05,95.0,91.0,0.1,0.24,95.0,0.25
Ross Laidlaw,8649,Keeper,720,32,€440K,Premiership,100.0,11.5,N/A,N/A,20.0,0.12,N/A,N/A,N/A,N/A,N/A,N/A,N/A,N/A,N/A,N/A,53.0,0.25,N/A,N/A,N/A,N/A,N/A,N/A,N/A,N/A,N/A,N/A,N/A,N/A,N/A,N/A,100.0,0.0,N/A,N/A,N/A,N/A,N/A,33.0,1.75,N/A,73.0,0.21,67.0,1.5,N/A,N/A,73.0,40.35,27.0,46.67,N/A,N/A,N/A,N/A,N/A,N/A,N/A,N/A,N/A,N/A,N/A,N/A,N/A,N/A,N/A,N/A,0.0,0.0,40.0,61.11,60.0,2.75,N/A,N/A,N/A,N/A,N/A,N/A,N/A,N/A,N/A,N/A,N/A,N/A,N/A,N/A,100.0,0.0,N/A,N/A,N/A,N/A,N/A,N/A,N/A,N/A
Ross McCausland,8548,Right Winger,190,21,€950K,Premiership,27.0,0.47,65.0,25.11,N/A,N/A,38.0,19.0,11.11,0.47,84.0,0.47,62.0,0.95,92.0,2.84,N/A,N/A,N/A,N/A,84.0,0.47,38.0,0.95,76.0,1.89,81.0,66.67,78.0,49.0,41.38,5.68,N/A,N/A,84.0,1.89,81.0,1.89,0.0,N/A,N/A,0.0,N/A,N/A,N/A,N/A,N/A,N/A,27.0,33.33,59.0,77.94,N/A,N/A,N/A,N/A,N/A,N/A,N/A,N/A,N/A,N/A,N/A,N/A,51.0,0.47,70.0,4.74,100.0,0.0,N/A,N/A,N/A,N/A,100.0,86.0,1.42,3.79,N/A,N/A,59.0,57.0,66.67,0.95,65.0,84.0,7.11,53.05,100.0,0.0,70.0,0.22,62.0,65.0,0.26,0.26,54.0,0.16
Ross Sinclair,8467,Keeper,450,23,N/A,Premiership,27.0,5.6,N/A,N/A,100.0,1.0,N/A,N/A,N/A,N/A,N/A,N/A,N/A,N/A,N/A,N/A,0.0,0.0,N/A,N/A,N/A,N/A,N/A,N/A,N/A,N/A,N/A,N/A,N/A,N/A,N/A,N/A,100.0,0.0,N/A,N/A,N/A,N/A,N/A,0.0,3.0,N/A,13.0,-0.67,27.0,1.0,N/A,N/A,13.0,25.93,20.0,45.95,N/A,N/A,N/A,N/A,N/A,N/A,N/A,N/A,N/A,N/A,N/A,N/A,N/A,N/A,N/A,N/A,0.0,0.0,13.0,53.12,73.0,3.4,N/A,N/A,N/A,N/A,N/A,N/A,N/A,N/A,N/A,N/A,N/A,N/A,N/A,N/A,100.0,0.0,N/A,N/A,N/A,N/A,N/A,N/A,N/A,N/A
Rudi Allan Molotnikov,10251,Attacking Midfielder,367,18,N/A,Premiership,N/A,N/A,19.0,13.98,N/A,N/A,57.0,57.0,33.33,0.74,0.0,0.0,38.0,0.49,5.0,0.49,N/A,N/A,73.0,33.33,3.0,2.7,51.0,0.74,86.0,2.21,43.0,42.86,59.0,38.0,37.5,5.15,N/A,N/A,43.0,0.74,59.0,1.23,0.0,N/A,N/A,0.0,N/A,N/A,N/A,N/A,N/A,N/A,N/A,N/A,70.0,79.17,N/A,N/A,N/A,N/A,N/A,N/A,N/A,N/A,N/A,N/A,N/A,N/A,86.0,0.98,62.0,4.41,100.0,0.0,N/A,N/A,N/A,N/A,14.0,22.0,0.25,1.23,32.0,0.25,46.0,78.0,75.0,0.74,16.0,16.0,1.72,35.8,22.0,0.25,14.0,0.05,22.0,22.0,0.1,0.1,24.0,0.04
Ryan Leak,8649,Center Back,525,26,€350K,Premiership,77.0,3.94,20.0,22.29,N/A,N/A,32.0,32.0,57.14,2.74,0.0,0.0,73.0,0.17,66.0,0.34,N/A,N/A,N/A,N/A,43.0,0.17,5.0,1.03,N/A,N/A,N/A,N/A,52.0,36.0,59.38,6.51,N/A,N/A,66.0,1.03,84.0,1.2,0.0,N/A,N/A,0.0,N/A,N/A,N/A,N/A,61.0,1.37,43.0,36.51,5.0,63.11,N/A,N/A,N/A,N/A,N/A,N/A,N/A,N/A,N/A,N/A,N/A,N/A,N/A,N/A,82.0,4.11,100.0,0.0,N/A,N/A,N/A,N/A,43.0,68.0,0.17,0.51,N/A,N/A,89.0,36.0,60.0,1.54,32.0,77.0,1.89,54.69,16.0,0.34,86.0,0.07,61.0,61.0,0.05,0.05,75.0,0.08
Scott Tanser,9800,Left Midfielder,289,29,€450K,Premiership,45.0,1.56,25.0,20.24,N/A,N/A,100.0,91.0,78.26,5.61,0.0,0.0,77.0,0.62,27.0,0.62,N/A,N/A,88.0,45.45,31.0,1.25,69.0,0.62,66.0,0.93,42.0,50.0,97.0,84.0,62.26,10.28,N/A,N/A,88.0,2.18,66.0,1.56,0.0,N/A,N/A,0.0,N/A,N/A,N/A,N/A,80.0,1.56,20.0,22.73,2.0,57.02,N/A,N/A,N/A,N/A,N/A,N/A,N/A,N/A,N/A,N/A,N/A,N/A,45.0,0.31,91.0,6.85,0.0,0.31,N/A,N/A,N/A,N/A,50.0,N/A,N/A,0.93,84.0,1.56,50.0,34.0,57.14,1.25,70.0,34.0,0.62,63.22,42.0,0.31,42.0,0.07,50.0,52.0,0.04,0.04,N/A,N/A
Scott Tiffoney,8284,Left Winger,501,26,€400K,Premiership,68.0,1.26,32.0,15.27,N/A,N/A,62.0,70.0,45.45,0.9,0.0,0.0,51.0,0.72,24.0,0.9,N/A,N/A,46.0,18.75,22.0,1.8,54.0,0.72,30.0,0.9,35.0,38.46,62.0,59.0,46.77,5.21,N/A,N/A,54.0,1.08,86.0,1.98,65.0,N/A,N/A,0.36,N/A,N/A,N/A,N/A,62.0,0.54,57.0,53.85,8.0,67.46,100.0,0.18,N/A,N/A,N/A,N/A,N/A,N/A,N/A,N/A,N/A,N/A,30.0,0.18,22.0,2.87,100.0,0.0,N/A,N/A,N/A,N/A,24.0,49.0,0.54,1.62,51.0,0.54,43.0,27.0,50.0,0.72,32.0,38.0,3.77,40.78,32.0,0.18,24.0,0.07,49.0,49.0,0.18,0.18,51.0,0.16
Seb Palmer Houlden,8284,Striker,308,20,€150K,Premiership,16.0,0.29,22.0,14.32,N/A,N/A,95.0,68.0,41.38,3.51,76.0,0.29,14.0,0.29,8.0,0.58,N/A,N/A,89.0,50.0,38.0,1.46,32.0,1.17,N/A,N/A,N/A,N/A,38.0,24.0,31.25,4.38,N/A,N/A,46.0,0.88,24.0,0.29,57.0,N/A,N/A,0.29,N/A,N/A,N/A,N/A,100.0,1.75,19.0,25.0,43.0,74.24,N/A,N/A,N/A,N/A,N/A,N/A,N/A,N/A,N/A,N/A,N/A,N/A,38.0,0.29,27.0,3.21,100.0,0.0,N/A,N/A,N/A,N/A,19.0,62.0,0.88,1.46,54.0,0.58,24.0,27.0,50.0,0.29,5.0,22.0,2.05,33.9,100.0,0.0,41.0,0.1,59.0,62.0,0.24,0.24,70.0,0.46
Shaun Rooney,9800,Right Back,517,28,€550K,Premiership,16.0,0.52,5.0,14.45,N/A,N/A,94.0,77.0,65.52,3.31,0.0,0.0,56.0,0.35,39.0,0.87,N/A,N/A,36.0,11.76,45.0,0.87,19.0,1.74,72.0,1.04,62.0,60.0,75.0,59.0,53.85,7.31,N/A,N/A,52.0,1.22,39.0,0.87,0.0,N/A,N/A,0.0,N/A,N/A,N/A,N/A,88.0,1.74,14.0,17.65,3.0,62.41,N/A,N/A,N/A,N/A,N/A,N/A,N/A,N/A,N/A,N/A,N/A,N/A,25.0,0.17,11.0,2.96,100.0,0.0,N/A,N/A,N/A,N/A,20.0,N/A,N/A,0.52,44.0,0.35,72.0,81.0,84.62,1.91,34.0,59.0,1.39,49.26,22.0,0.52,58.0,0.11,27.0,27.0,0.02,0.02,N/A,N/A
Shayden Morris,8485,Right Winger,214,21,€150K,Premiership,N/A,N/A,46.0,21.03,N/A,N/A,27.0,35.0,20.0,0.42,92.0,0.84,57.0,0.84,81.0,2.52,N/A,N/A,81.0,44.44,14.0,2.1,11.0,1.68,81.0,2.1,30.0,35.71,32.0,24.0,31.25,4.21,N/A,N/A,N/A,N/A,N/A,N/A,0.0,N/A,N/A,0.0,N/A,N/A,N/A,N/A,N/A,N/A,N/A,N/A,100.0,90.91,N/A,N/A,N/A,N/A,N/A,N/A,N/A,N/A,N/A,N/A,N/A,N/A,89.0,1.26,54.0,3.79,100.0,0.0,N/A,N/A,N/A,N/A,38.0,30.0,0.42,2.1,78.0,1.68,70.0,78.0,75.0,1.26,43.0,76.0,5.89,45.84,100.0,0.0,92.0,0.43,19.0,19.0,0.1,0.1,19.0,0.01
Simon Murray,8284,Striker,594,32,€280K,Premiership,44.0,0.15,9.0,6.97,N/A,N/A,12.0,9.0,22.22,0.91,0.0,0.0,72.0,0.91,16.0,0.15,N/A,N/A,72.0,4.17,38.0,1.97,31.0,0.61,59.0,0.76,59.0,41.67,28.0,25.0,32.1,3.94,N/A,N/A,59.0,1.52,78.0,2.12,56.0,N/A,N/A,0.3,N/A,N/A,N/A,N/A,53.0,0.15,53.0,25.0,25.0,63.01,94.0,0.3,N/A,N/A,88.0,N/A,N/A,N/A,N/A,0.15,N/A,N/A,53.0,0.45,31.0,1.97,100.0,0.0,N/A,N/A,N/A,N/A,28.0,28.0,0.61,1.67,75.0,0.15,N/A,N/A,N/A,N/A,38.0,53.0,4.55,30.45,12.0,0.3,59.0,0.05,44.0,34.0,0.17,0.29,53.0,0.3
Sivert Heltne Nilsen,8485,Central Midfielder,627,33,€500K,Premiership,62.0,2.15,94.0,53.25,N/A,N/A,41.0,47.0,46.67,1.0,66.0,0.14,N/A,N/A,38.0,0.86,N/A,N/A,N/A,N/A,88.0,0.14,22.0,1.44,30.0,0.43,62.0,60.0,33.0,42.0,49.18,4.31,N/A,N/A,58.0,1.44,50.0,1.15,0.0,N/A,N/A,0.0,N/A,N/A,N/A,N/A,39.0,0.57,58.0,44.12,83.0,83.56,N/A,N/A,N/A,N/A,N/A,N/A,N/A,N/A,N/A,N/A,N/A,N/A,41.0,0.29,89.0,6.75,100.0,0.0,N/A,N/A,N/A,N/A,14.0,53.0,0.29,0.29,N/A,N/A,33.0,25.0,53.85,1.0,83.0,14.0,0.29,73.64,44.0,0.29,55.0,0.1,11.0,11.0,0.01,0.01,55.0,0.03
Slobodan Rubezic,8485,Center Back,630,24,€2M,Premiership,11.0,1.43,66.0,36.14,N/A,N/A,70.0,73.0,69.23,5.14,0.0,0.0,N/A,N/A,52.0,0.29,N/A,N/A,100.0,100.0,100.0,0.0,55.0,0.29,41.0,0.14,100.0,100.0,66.0,52.0,64.1,7.14,N/A,N/A,91.0,1.43,55.0,0.71,0.0,N/A,N/A,0.0,N/A,N/A,N/A,N/A,64.0,1.43,2.0,19.23,55.0,77.85,N/A,N/A,N/A,N/A,N/A,N/A,N/A,N/A,N/A,N/A,N/A,N/A,N/A,N/A,2.0,1.43,100.0,0.0,N/A,N/A,N/A,N/A,39.0,N/A,N/A,0.43,70.0,0.14,43.0,48.0,66.67,0.86,57.0,25.0,0.71,61.57,25.0,0.29,25.0,0.01,91.0,93.0,0.14,0.14,86.0,0.14
Stephen Kingsley,9860,Center Back,470,30,€950K,Premiership,87.0,3.26,77.0,42.89,N/A,N/A,23.0,16.0,20.0,0.77,0.0,0.0,N/A,N/A,13.0,0.19,N/A,N/A,52.0,18.75,32.0,0.96,45.0,0.57,19.0,0.19,19.0,20.0,10.0,3.0,29.79,2.68,N/A,N/A,58.0,0.96,19.0,0.38,0.0,N/A,N/A,0.0,N/A,N/A,N/A,N/A,13.0,0.57,68.0,47.22,84.0,85.17,N/A,N/A,N/A,N/A,N/A,N/A,N/A,N/A,N/A,N/A,N/A,N/A,N/A,N/A,29.0,3.26,0.0,0.0,N/A,N/A,N/A,N/A,19.0,N/A,N/A,0.38,52.0,0.57,19.0,19.0,42.86,0.57,71.0,48.0,1.72,72.0,26.0,0.38,45.0,0.06,39.0,39.0,0.02,0.02,N/A,N/A
Stephen O'Donnell,9927,Right Wing-Back,573,32,€400K,Premiership,42.0,1.88,42.0,24.82,N/A,N/A,84.0,90.0,64.52,3.14,0.0,0.0,N/A,N/A,58.0,0.79,N/A,N/A,42.0,16.67,65.0,0.31,29.0,0.94,39.0,0.47,68.0,60.0,61.0,77.0,60.32,5.97,N/A,N/A,26.0,0.63,45.0,0.79,84.0,N/A,N/A,0.16,N/A,N/A,N/A,N/A,6.0,0.31,42.0,33.33,26.0,68.4,N/A,N/A,N/A,N/A,N/A,N/A,N/A,N/A,N/A,N/A,N/A,N/A,68.0,0.31,13.0,2.2,0.0,0.0,N/A,N/A,N/A,N/A,39.0,71.0,0.31,0.63,71.0,0.79,32.0,39.0,60.0,0.94,35.0,42.0,1.57,59.53,35.0,0.31,74.0,0.16,65.0,65.0,0.05,0.05,71.0,0.06
Stuart Findlay,8597,Center Back,468,29,€550K,Premiership,52.0,2.88,14.0,21.15,N/A,N/A,48.0,48.0,61.29,3.65,0.0,0.0,77.0,0.19,73.0,0.38,N/A,N/A,N/A,N/A,36.0,0.19,32.0,0.58,77.0,0.38,100.0,100.0,61.0,82.0,67.92,6.92,N/A,N/A,7.0,0.19,93.0,1.54,0.0,N/A,N/A,0.0,N/A,N/A,N/A,N/A,23.0,0.77,61.0,42.86,34.0,73.83,N/A,N/A,N/A,N/A,N/A,N/A,N/A,N/A,N/A,N/A,N/A,N/A,N/A,N/A,48.0,2.88,100.0,0.0,N/A,N/A,N/A,N/A,64.0,N/A,N/A,0.77,N/A,N/A,73.0,86.0,87.5,1.35,11.0,82.0,2.31,44.23,100.0,0.0,70.0,0.04,84.0,84.0,0.08,0.08,N/A,N/A
Sven Sprangler,8467,Central Midfielder,307,29,€250K,Premiership,5.0,0.29,44.0,23.45,N/A,N/A,83.0,64.0,57.14,2.35,0.0,0.0,47.0,0.29,12.0,0.29,N/A,N/A,N/A,N/A,83.0,0.29,11.0,2.05,19.0,0.29,42.0,50.0,73.0,44.0,50.0,7.04,N/A,N/A,92.0,2.64,11.0,0.29,0.0,N/A,N/A,0.0,N/A,N/A,N/A,N/A,97.0,2.64,30.0,33.33,78.0,83.33,N/A,N/A,N/A,N/A,N/A,N/A,N/A,N/A,N/A,N/A,N/A,N/A,N/A,N/A,41.0,4.4,100.0,0.0,N/A,N/A,N/A,N/A,27.0,N/A,N/A,0.59,N/A,N/A,91.0,53.0,64.29,2.64,12.0,33.0,0.59,40.75,12.0,0.59,0.0,0.0,42.0,44.0,0.04,0.04,N/A,N/A
Tawanda Maswanhise,9927,Attacking Midfielder,208,21,N/A,Premiership,22.0,0.43,3.0,9.09,N/A,N/A,32.0,43.0,25.0,0.43,0.0,0.0,89.0,1.73,N/A,N/A,N/A,N/A,65.0,28.57,51.0,1.3,43.0,0.87,27.0,0.87,46.0,50.0,76.0,70.0,50.0,5.62,N/A,N/A,76.0,1.73,100.0,3.03,0.0,N/A,N/A,0.0,N/A,N/A,N/A,N/A,95.0,1.73,100.0,100.0,16.0,70.0,N/A,N/A,N/A,N/A,N/A,N/A,N/A,N/A,N/A,N/A,N/A,N/A,N/A,N/A,16.0,2.6,100.0,0.0,N/A,N/A,N/A,N/A,65.0,32.0,0.43,2.6,65.0,0.87,54.0,57.0,66.67,0.87,11.0,43.0,3.89,34.62,100.0,0.0,0.0,0.02,51.0,51.0,0.18,0.18,22.0,0.02
Tom Lawrence,8548,Attacking Midfielder,419,30,€4M,Premiership,73.0,1.29,86.0,32.0,N/A,N/A,30.0,27.0,14.29,0.43,62.0,0.21,59.0,0.86,49.0,1.29,N/A,N/A,95.0,60.0,8.0,2.58,59.0,0.64,73.0,1.72,78.0,61.54,68.0,46.0,39.06,5.37,N/A,N/A,92.0,2.36,73.0,1.5,86.0,N/A,N/A,0.64,N/A,N/A,N/A,N/A,46.0,0.43,43.0,50.0,73.0,79.26,N/A,N/A,N/A,N/A,N/A,N/A,N/A,N/A,N/A,N/A,N/A,N/A,73.0,0.64,24.0,3.01,100.0,0.0,N/A,N/A,N/A,N/A,73.0,89.0,1.5,2.79,59.0,0.64,73.0,78.0,75.0,1.29,76.0,62.0,4.94,58.42,27.0,0.21,68.0,0.22,76.0,76.0,0.48,0.48,81.0,0.58
Topi Keskinen,8485,Left Winger,361,21,€1.5M,Premiership,46.0,0.75,27.0,14.71,N/A,N/A,19.0,22.0,12.5,0.25,73.0,0.25,78.0,1.25,14.0,0.75,N/A,N/A,N/A,N/A,35.0,1.5,49.0,0.75,65.0,1.5,22.0,28.57,24.0,19.0,28.57,3.49,N/A,N/A,57.0,1.25,65.0,1.25,81.0,N/A,N/A,0.5,N/A,N/A,N/A,N/A,32.0,0.25,62.0,60.0,24.0,71.08,N/A,N/A,N/A,N/A,N/A,N/A,N/A,N/A,N/A,N/A,N/A,N/A,32.0,0.25,46.0,3.49,100.0,0.0,N/A,N/A,N/A,N/A,59.0,54.0,0.75,2.49,N/A,N/A,22.0,27.0,50.0,0.25,27.0,81.0,6.48,39.14,19.0,0.25,19.0,0.06,30.0,30.0,0.13,0.13,41.0,0.07
Toyosi Olusanya,9800,Striker,584,26,€220K,Premiership,N/A,N/A,0.0,4.32,N/A,N/A,16.0,12.0,24.0,0.92,0.0,0.0,50.0,0.62,31.0,0.46,N/A,N/A,100.0,100.0,12.0,3.08,59.0,0.31,50.0,0.62,41.0,30.77,22.0,12.0,28.24,3.7,N/A,N/A,75.0,2.0,66.0,1.7,91.0,N/A,N/A,0.62,N/A,N/A,N/A,N/A,56.0,0.15,N/A,N/A,53.0,68.29,N/A,N/A,N/A,N/A,N/A,N/A,N/A,N/A,N/A,N/A,N/A,N/A,28.0,0.15,62.0,2.47,100.0,0.0,N/A,N/A,N/A,N/A,62.0,56.0,0.92,2.93,78.0,0.15,69.0,100.0,100.0,0.46,9.0,56.0,4.93,25.58,3.0,0.46,9.0,0.01,69.0,78.0,0.47,0.47,72.0,0.46
Vicko Sevelj,9938,Right Wing-Back,369,24,N/A,Premiership,71.0,2.68,26.0,20.49,N/A,N/A,65.0,58.0,50.0,1.46,74.0,0.24,45.0,0.24,35.0,0.49,N/A,N/A,42.0,16.67,16.0,1.22,16.0,1.22,71.0,0.98,65.0,57.14,65.0,55.0,52.0,6.34,N/A,N/A,68.0,1.22,61.0,1.22,0.0,N/A,N/A,0.0,N/A,N/A,N/A,N/A,74.0,1.46,71.0,47.83,32.0,68.85,N/A,N/A,N/A,N/A,N/A,N/A,N/A,N/A,N/A,N/A,N/A,N/A,N/A,N/A,6.0,1.95,0.0,0.0,N/A,N/A,N/A,N/A,87.0,84.0,0.49,1.22,42.0,0.49,71.0,52.0,63.64,1.71,23.0,26.0,0.98,54.63,48.0,0.24,39.0,0.06,52.0,52.0,0.03,0.03,77.0,0.1
Victor Loturi,8649,Central Midfielder,240,23,€330K,Premiership,N/A,N/A,39.0,22.88,N/A,N/A,48.0,14.0,33.33,1.12,0.0,0.0,N/A,N/A,36.0,0.75,N/A,N/A,100.0,100.0,8.0,1.88,12.0,1.88,52.0,0.75,70.0,66.67,2.0,3.0,28.0,2.62,N/A,N/A,28.0,0.75,12.0,0.38,0.0,N/A,N/A,0.0,N/A,N/A,N/A,N/A,19.0,0.38,N/A,N/A,48.0,77.22,N/A,N/A,N/A,N/A,N/A,N/A,N/A,N/A,N/A,N/A,N/A,N/A,56.0,0.38,64.0,5.25,100.0,0.0,N/A,N/A,N/A,N/A,0.0,N/A,N/A,0.0,47.0,0.38,5.0,100.0,100.0,0.38,19.0,N/A,N/A,43.12,100.0,0.0,28.0,0.05,N/A,N/A,N/A,N/A,N/A,N/A
Václav Cerny,8548,Right Winger,383,26,€7.3M,Premiership,65.0,1.17,89.0,35.72,N/A,N/A,N/A,N/A,N/A,N/A,65.0,0.23,76.0,1.17,68.0,1.88,N/A,N/A,70.0,31.82,57.0,1.17,14.0,1.64,51.0,1.17,24.0,29.41,3.0,0.0,20.51,1.88,N/A,N/A,62.0,1.41,19.0,0.23,89.0,N/A,N/A,0.7,N/A,N/A,N/A,N/A,54.0,0.47,43.0,50.0,62.0,78.76,N/A,N/A,N/A,N/A,N/A,N/A,N/A,N/A,N/A,N/A,N/A,N/A,95.0,1.88,84.0,5.4,100.0,0.0,N/A,N/A,N/A,N/A,49.0,51.0,0.7,2.35,76.0,1.64,16.0,27.0,50.0,0.23,89.0,57.0,4.93,64.39,100.0,0.0,100.0,0.46,32.0,32.0,0.14,0.14,68.0,0.39
Warren O'Hora,10251,Center Back,630,25,€300K,Premiership,39.0,2.57,52.0,32.71,N/A,N/A,66.0,55.0,64.58,4.43,0.0,0.0,93.0,0.57,77.0,0.43,N/A,N/A,100.0,100.0,100.0,0.0,55.0,0.29,66.0,0.29,59.0,66.67,39.0,48.0,61.9,5.57,N/A,N/A,39.0,0.71,23.0,0.29,0.0,N/A,N/A,0.0,N/A,N/A,N/A,N/A,59.0,1.29,68.0,46.15,64.0,81.49,N/A,N/A,N/A,N/A,N/A,N/A,N/A,N/A,N/A,N/A,N/A,N/A,N/A,N/A,18.0,2.43,100.0,0.0,N/A,N/A,N/A,N/A,48.0,N/A,N/A,0.57,70.0,0.14,7.0,9.0,50.0,0.29,30.0,73.0,1.86,53.86,45.0,0.14,64.0,0.04,34.0,34.0,0.02,0.02,N/A,N/A
Will Ferry,9938,Left Midfielder,630,23,N/A,Premiership,94.0,3.43,35.0,23.57,N/A,N/A,68.0,45.0,37.93,1.57,81.0,0.29,71.0,0.43,84.0,1.71,N/A,N/A,100.0,35.42,6.0,1.43,13.0,1.43,81.0,1.14,74.0,61.54,81.0,35.0,50.0,6.86,N/A,N/A,32.0,0.71,87.0,1.71,0.0,N/A,N/A,0.0,N/A,N/A,N/A,N/A,68.0,1.43,48.0,38.1,23.0,68.18,N/A,N/A,N/A,N/A,N/A,N/A,N/A,N/A,N/A,N/A,N/A,N/A,74.0,0.43,87.0,6.14,0.0,0.0,N/A,N/A,N/A,N/A,42.0,52.0,0.14,0.71,100.0,2.43,74.0,65.0,70.59,1.71,55.0,52.0,1.86,66.57,39.0,0.29,90.0,0.22,55.0,55.0,0.03,0.03,48.0,0.01
Yan Dhanda,9860,Attacking Midfielder,330,25,€900K,Premiership,81.0,3.0,64.0,30.82,N/A,N/A,45.0,92.0,80.0,1.09,83.0,0.27,91.0,0.82,69.0,1.36,N/A,N/A,33.0,10.87,16.0,1.64,91.0,0.27,75.0,1.09,42.0,50.0,47.0,30.0,47.37,4.91,N/A,N/A,89.0,2.18,38.0,0.82,0.0,N/A,N/A,0.0,N/A,N/A,N/A,N/A,14.0,0.27,77.0,55.0,69.0,80.71,N/A,N/A,N/A,N/A,N/A,N/A,N/A,N/A,N/A,N/A,N/A,N/A,N/A,N/A,22.0,3.55,100.0,0.0,N/A,N/A,N/A,N/A,77.0,N/A,N/A,1.64,81.0,1.36,12.0,5.0,28.57,0.55,72.0,84.0,2.73,63.55,17.0,0.55,89.0,0.24,58.0,59.0,0.06,0.06,N/A,N/A
Yutaro Oda,9860,Right Winger,193,23,€290K,Premiership,N/A,N/A,16.0,13.52,N/A,N/A,N/A,N/A,N/A,N/A,0.0,0.0,30.0,0.47,30.0,0.93,N/A,N/A,38.0,14.29,43.0,1.4,41.0,0.93,35.0,0.93,27.0,33.33,11.0,3.0,23.81,2.33,N/A,N/A,78.0,1.87,N/A,N/A,73.0,N/A,N/A,0.47,N/A,N/A,N/A,N/A,51.0,0.47,N/A,N/A,38.0,72.5,N/A,N/A,N/A,N/A,N/A,N/A,N/A,N/A,N/A,N/A,N/A,N/A,N/A,N/A,30.0,3.26,100.0,0.0,N/A,N/A,N/A,N/A,84.0,65.0,0.93,3.26,41.0,0.47,57.0,57.0,66.67,0.93,14.0,65.0,5.6,34.97,100.0,0.0,11.0,0.04,84.0,84.0,0.54,0.54,86.0,0.68
Zach Robinson,9927,Striker,424,22,€400K,Premiership,N/A,N/A,31.0,9.13,N/A,N/A,28.0,19.0,28.57,1.27,0.0,0.0,53.0,0.64,22.0,0.42,N/A,N/A,N/A,N/A,19.0,2.76,50.0,0.42,91.0,1.49,78.0,53.85,56.0,56.0,40.0,5.94,N/A,N/A,50.0,1.27,75.0,1.91,0.0,N/A,N/A,0.0,N/A,N/A,N/A,N/A,69.0,0.21,N/A,N/A,100.0,84.31,N/A,N/A,N/A,N/A,N/A,N/A,N/A,N/A,N/A,N/A,N/A,N/A,72.0,0.64,84.0,3.4,100.0,0.0,N/A,N/A,N/A,N/A,31.0,16.0,0.21,1.7,N/A,N/A,62.0,44.0,33.33,0.42,31.0,50.0,4.25,29.5,22.0,0.21,34.0,0.03,31.0,44.0,0.22,0.22,19.0,0.07
Ziyad Larkeche,8284,Left Back,566,22,€300K,Premiership,23.0,1.43,13.0,15.27,N/A,N/A,61.0,42.0,36.0,1.43,0.0,0.0,65.0,0.32,68.0,0.95,N/A,N/A,65.0,21.05,10.0,1.27,42.0,0.64,68.0,0.95,48.0,40.0,90.0,35.0,50.0,7.16,N/A,N/A,77.0,1.43,16.0,0.32,100.0,N/A,N/A,0.32,N/A,N/A,N/A,N/A,19.0,0.64,52.0,39.13,10.0,62.34,N/A,N/A,N/A,N/A,N/A,N/A,N/A,N/A,N/A,N/A,N/A,N/A,48.0,0.16,45.0,3.98,0.0,0.0,N/A,N/A,N/A,N/A,84.0,81.0,0.48,1.11,55.0,0.64,90.0,35.0,53.57,2.39,26.0,81.0,2.7,58.67,23.0,0.48,55.0,0.08,87.0,87.0,0.1,0.1,87.0,0.17
